"Owner","Username","Amount"
"rfYfNRBesPcL3AgBfeaDtPvsRpBrSpidVj","","1681"
"r3BWpaFk3rtWhhs2Q5FwFqLVdTPnfVUJLr","","495"
"rEdPR3uKXFyj2cGMTN3NaN5f2nHgsioJPz","","238"
"rUg3PhHCW3SknEy4zC5vYvgJsH1AAUMUAQ","","137"
"rsLyUXYgzHDbqQdVhxjBAXAi79sMS5yNmq","","135"
"rP1U7br6xhNpPxV8onXhDfdg8F8BGP5iFH","","124"
"rQhUBDNULqr26KwQJNn9UzVQmwVCk7pYjD","","116"
"raBxpswnmRqtyxGq8Xfw698xjA2UwHHzgf","","106"
"rMfeFwAKoHGJ23P6eeVDHzm1we7X82ap24","","102"
"rURkD8yUpHonGCRKzPYLC5sZUXtEFadGKR","","100"
"rxrpbagsJW1BU5zwGPwMRWxnh7NBbnkaZ","xrpbags","99"
"rKTqXbv2sKjndqNZsygrP3DwKjZXFfEUgg","","88"
"rJA5p2Lu412vvUYeNNSJyF7eFqzrhHQa7L","","88"
"rpTPoY8PRPMq1RfRoPZMmQqi1pPvBdpfeZ","","80"
"rU2k2u8EiMzpVcZjBr9vkTpfyXr5vGCSSh","","78"
"rLQSpubEeD14bHC9sNMcsBGikUcpbf4Z8C","","75"
"rfeeNhdd42D5gBXyk5j1UA14hrbukwQUAy","","66"
"rfVgvbA8sC6nKG14NGtFFnxV3iTDBjgW1j","","65"
"rg6jya4AhWBcjrCWQRQQbJSRq6FCeeaDV","","60"
"r4mDF91PWKjKu9orcbMXayZH26AzULCwLp","","60"
"rBDEjGczMgj2n6TRrAu2UviF8jq14FzvKg","","57"
"r4N3QfFRcedD6kyv9vbwBJ7iNE7qYMcTqn","","55"
"rBz4jL6wyFyVPxqb7wSX3PRrYxUaEkbkDN","","53"
"rYM8yWYfhHZhyBFC9dyT9xd8VdsQU6ah9","","50"
"rPCNfYwXJmafo7EN4y1kyKMN6J4Z4Z1pBq","","50"
"rBgc7nrQYaDodDfnPMAEPMmRrxvrAKXzhH","","50"
"r4S5ZYohaFxyzTngkbXGXuWCejE9hwDGvf","","50"
"r3B49en8bbVzioUcRem9Hnikv1NjWuEVaz","","50"
"rGvobrZ6kLuYhtSDyRFJce12G75WcCGyRa","","48"
"rUurfWhPyC6FeXDRT6cdr6MEpVTCF1Jjtg","","47"
"rMWcQCThwJjgC96fLrdvt5V1TjG3cJtQRg","","47"
"rGrT1jrawuwh8aWEg3e5Yj5cknwGRLyE3r","","41"
"r9vJSrhrbXwmJaoUhnXvacrC3SmeW4oedo","","40"
"rPAwSnUzRxkpLw6xDWqjw3FBqiWnvPpobj","","38"
"rhKripLX9uRWeT1WAUqJX2A28PyNGqmqZo","","37"
"ra65F5GmXU8MZAtMcJpBgKLzQvMfUrpJck","","35"
"raD8DRSGJeDjM38rQRY7d3N5kmkqXnQV3Z","","34"
"rLiJ1N74hPQnVBmedLfYnuvTxv1RF7YsH6","","34"
"rKvZAr5URmuLgWSTVVWDbZeHyXkDZqBEnb","","34"
"rfcBGSNFH6AJCtC3YEJqNNj6QXuD14Jn1d","","33"
"r9tNeQXfQwcwbk5T1PX5xfQpUbE1Pso2Ha","Rus","33"
"rarQdqV7wvw9LCQBd5PqT46oo6PFA4nHGh","","32"
"rHRg56skfuQokUmjN7pbMTnGwuSv1aZpv7","","32"
"rGxE3QiTzSeddM25WSPdS6GrveNLtz21Xh","","31"
"r9AtK1GcYeqZAA9sSPxWmXy8ECvi9M4HrP","Ragbone","31"
"rDxpsE8iqC5g3rECHeKPT7iCt2TbnSUHrM","","30"
"r3yPD2Lvv2BMsEG6PbvNfyEocQEsbH8ViK","","30"
"rseC4tmmcEPyT2Vav52hNMptNcgxHVGwM2","SecretLabs","28"
"rLeHL5tezDiCrWF1EiGdPWPcKhk3BAqBaM","","28"
"rnQa7BTrW1ycSP4tcSfxjBrMJxt6VpBB9n","","27"
"rPnrNL8SqFc5iYsY2Wf1mmXkJga36XjkMA","","27"
"rKTZVD7xABGNfFjta5ZBNJVNrzpf2WTWXt","","27"
"rBmCoyKfwFqMLnRh1ESZB2X67woQ5YsqhA","","27"
"rB92BzAp7g1YsqvE6fFuR79p1JKZVVAfDx","","27"
"r4jDhMv1KdMLunGKUHoTRSWywWinAGc4VF","","27"
"r3TPgu9cAaCvCJEBkzGL1e5XmwSrmJgEkv","","27"
"rQhvQ9sc1pbefL3CjjReJbq1oSNjCzVnek","","26"
"rsYAdZgDguRxihcHQjfHGb6FQYeU9t5TJg","","25"
"rnAFTwKY5fJeGT72B7wL397RJRkFUbv9Ui","","25"
"rhzKXdwbGUVu7CeiYWEvKwFDWh8iqjyu9D","","25"
"rfEgsZmqKtW25WrJUFZpMZ7H584d9fA3mv","","25"
"ra4iHGKrSPNLzFWFv2394cTiEoq73LMp6p","","25"
"rUHNRV4MES9Tf5LXJHBagjD5KYVxQfeZRE","","25"
"rJmYACooakBoyutubKKgFfDkUjotd7RF4h","","25"
"rD4VEWXUj5yTQ7DKzPzUh2fJtLvN1JMJby","","25"
"r4w8Bqq5xr5CRv1oBY4VRnyTRD21w125V8","","24"
"rsVPB7PpnGT5DdzMWqBthusYLQ6b45be2M","","23"
"rnr1Dsi29qPyELuHBvFButUHWDFejSPPNh","","23"
"rpWZAxbyx3e18cKgxbg6nrDKvzju7qrU5b","","22"
"rh2xaAPsP1yXkQj3Hm4ZD8DiGMc9mqY8z1","","21"
"rURGyeZfjXNmCMbK45kYdZAkB9x5e3CZiH","","21"
"rpjXsGpFg55Deeu92Fe5Wsp55ZFaSgardH","","20"
"rpjL9CfLwzmx9csJkdPLum7YRe99dx7MCj","","20"
"rUGwvh8XrxjApzEFUUPfFEAqManNuDaU5Y","","20"
"rJ8JJGZHKvyGkiFZhf5TbhnH8HSupWoDqE","","20"
"rETgjbtrpcY3kH78gLYqw3KNPFmkVhVzG5","","20"
"rfNZYn8C2GzANcBeD78hpMHFpRsUezxv5G","","19"
"rURgDk6HP6iFvJWiYTPZ57nTMptgD9UqWD","","19"
"rJzyW3mQuANHZ4omRrLedd9CWGwXJNMa6J","","19"
"rERU4URt9szBh1KyA83pzQScY1ZSHDnVhE","","19"
"rwEHSasK5xnzDjgzDn94ZwQBmTRDZeaNxF","","18"
"rfAjtJ3NxtHTkzeDT9JCR4X58j59bsLQyp","","18"
"rKtz4cbwdRPbVfw8Yy6q7eoihkdS8RUjGY","","18"
"rJ8G2QAohzMyeHTuccSrEUEQciLSJkzt45","","18"
"rEUXUbbdxEpvYmThQUhV4mePVGUijwfKK8","","18"
"rhCmJgCKMZWosWF3R2cUHjroQZCQAZ4KWE","","17"
"rh7nN737TuQ4WPzy24fL7o1861CrQHT9ki","","17"
"rajjvoQdFSXNx699WgMYYZxLx51f6NSGdu","","17"
"rLNMFp78EnZbUcEWQW9Fu88SqciqnbHqtP","","17"
"rB4a4aHR65ijCvpNdvuZtCMPomCeBNvDDe","","17"
"rp7tLREHUd4UT5CXWT3TWM7njeaZrRGDxa","","16"
"rnDUkG9Wr4jZb3pXrbnu1MHk2V8s8hRvAh","","16"
"rUC5YtcopCXxrsNQN1bUeRSWndzEfNTJFc","","16"
"r4GnpzsYFfNmisDzrWVXdXtcsZuUiXKGxz","","16"
"rwz31HV3Pn6EFzNGCudYfFHtNUZN5Z1FYn","","15"
"rwbi4bvMJkrVJpuM3JLpnUcGnjNKYVFszS","","15"
"rsZRn4TrXnNeXAbk5qXRuwN4jfSpq9BF2N","","15"
"rpqfoT4BLbRyQA612WsCwBcE2yKKRbKSFo","","15"
"rNr2PwpTVBrupk8Ebx3UU9j4KLkid4TuJZ","","15"
"rNpmMxZCA2QVcbaPH8UpTkTBNKH4VGkoh2","","15"
"rJ4zCnphZi8t1Tmio42BPuG6BbyWxwiZPQ","","15"
"rGrdd8fc6UUKS4ofsuiRe5GDY8oD1EdQ99","","15"
"r5yAn3yYhnR6WQ9AMci4GczDnZ9ustW8N","","15"
"rhFXYwEGjAR2XK3F1vZdJs79e7fPrywL11","","14"
"raNfYmkNQcumyQ2dUD9g9pQdbRvEfmstYp","","14"
"rGp5V1suRM8kZBApMER9N9Q2P1eumX9L6n","","14"
"rDH2iYbvvMDgQjJQDg1roZo61SSKwNfyQH","","14"
"rnbx5QR84rxPGrgXMELPkAP2wypxoiVsFQ","","13"
"rfE6Wxrt8o3tEnfCnBENDzqSnfnSDmZ6wu","","13"
"rPxAm9iSRjMfsyDc4L5cmbfyqHD3gkqTz4","","13"
"rPKAYwH8ZPxQdTbGMPKCdQ4cBEqe1ov2c3","","13"
"rP5iJTpyvjdTdisDfVUmZuTACWwSzEpfB6","","13"
"rM7kvwoahaMN4zrF5fd5TuPoxkJJZCB3a8","","13"
"rJjDA4a7Fbq3xtNXo1QfHfjWRdgPDaFmSB","","13"
"r4u6D2nL1dVx3gEYaHJiT89Jckk7B4y9mq","","13"
"rsWhBB2YvmMX1qBrrnUSRiTg5v1juDA67d","","12"
"rsRWPY8Cnhai85eASsHmUDVHpgqX9Hn2Eu","","12"
"rp1jaVXLw7bCH4DFJabvMJG539KotbTXqa","NotKatz","12"
"rhdxxhxt6GHg1uifE2pKLxuUsFPYGQkEC5","","12"
"rfpa9Npcr7XQuxcYkXgMC6mcyKAR7m2oio","","12"
"rKcgNpmH7ys2UDhK21TABUoTAiUL6vmvZj","","12"
"rHo7HqW7cotCKgabHZo37BDBhPMnq17sU3","","12"
"rHm69TY3QohtB5FJHG1vfiAuuafGoseZVV","","12"
"rE2WM63yb3GW8D6BWCPCEnjvY6vDMZojp6","","12"
"r48VtwXmmrxHzaH4Cjuusj6cu118ZaXD8b","","12"
"rsadKztrj16F167NSss6GY9GJDDNyVL3zc","","11"
"rh23kST64Cu6mWtT5W1wmdbypD7LoDcrNg","","11"
"rfC5iLUjvQj5e1bQkoKbnjW3NZTaz7Bj2k","","11"
"rUmHNMkPN81CKhpYgFomyBSsnYhFyYuTM3","","11"
"rPL8Bj5jWT57CghLaWBwnQDt83R5oogos8","","11"
"rJYXEvfc3mjPL2EhVeuK7dvbLb6vLB5Mry","","11"
"rHjKLbPBPLiLcBt76d4WSkU1xwLudWiHYL","","11"
"rGoZq6mCLASProHQiNZYeq9QcmGzgvqRrQ","","11"
"rGQUgpZsHA5R38b3d7uP33FAL2HJMuQqzX","","11"
"rESYDwyUi1sAVy2Ginfb742sQ9vT1TijPr","","11"
"r9Lu7TdBiSvKLd4m1b3pzvYBp31YaYSZ9f","","11"
"rwHqCQrczJQfp8ajiM5Jg2uxuHByemKRzK","","10"
"rwADSLkYwh9m9Rjh1FhajygZ5DLTBqX5Td","","10"
"rUYPmuFSM8TqTtrqYF2ngiiyqRNwF3zhA5","","10"
"rUVFhUa68sPdJf56NqmGm831bmyA739EFC","","10"
"rU6dqq15ddLRnE48v2NeTaYbZqvVRgQjVh","","10"
"rMhnrr7oyXwXHcyyJo3Bm4tNYwXD8cPMev","","10"
"rMHZfQiNsWzbho4oApSVzzpKB96DSGBzGL","","10"
"rLR8deyxTYwF5pocrFqEhDubhbX8L4P7TN","","10"
"rKQeAoJE4x1uBv7mJGV3zMDhyPrutwi53D","","10"
"rJ5kagTVmDn8Fo5pwhFjx5NBUVUUVhgjwC","","10"
"rHZJAF5JBBpV5Sbiyw9X8gzRMpK7S56xXq","","10"
"rHKbnS5G9DuKwAuDEe4uX5so9fA7gpzDGt","","10"
"rGuBnw8YkxEM2MgoEW75jGrhZYWMY8NnTX","","10"
"rGVaJfHFqts8dXbfVeCUi5hceCDNh1GXZq","","10"
"rDSRUSYdj5eV5n7qUCWNqCzRHuSq3A6fx4","","10"
"rBdt2WT8UpFawUyhnhayBR3ubkwdWvpp6w","","10"
"rBKDnXmb77GoVSFea6XWSs4rmCZs53sfJg","","10"
"r9N9QwPMKEvvJ9JfyM5rYcpxo9Y8kcEhe4","","10"
"r9Mxd8kyEchftcSAMMWvub3GbF77NZdot7","","10"
"r4nFAqz5QHvKEF6Ux1ANSgEjiM4U3kc9wo","","10"
"r3aycPF8naF2sHwC2EzzRersiEPfZJhQoo","","10"
"rp96qZpxjWnSFAnxinHCyJdjPDZWL9g2Sy","","9"
"rnT9xLQ3GMqbbVFPrVW2xA5Vaf1p7F4inC","","9"
"rhphMrs6bTGkcifmvz5S6b5GPHrrXPChcW","","9"
"rfkLLZb4yx1tjNFBZpCQbGaoyTjpXAkdS5","","9"
"rf8ZbrFWdtAY7VD7w7ybCEKcKFtGeZHn4e","","9"
"rPhrBPwQy7webxgi1197XC2wGUcvkK43E2","","9"
"rNpZ8URwXJsz3nVdmDw56VvRv83ubebQSs","","9"
"rMLmdSpkdmqnaExqM4SzotcXymqQ31J4gd","","9"
"rMLR8SjMR3XX8Hcw3fqoRF528WkeX3Aiov","","9"
"rKVtnR2AgkGyMmNMHevYAN3434r1fn3cPC","","9"
"rKE8WtNLKxbTtRCiEjNPfHTThsEuocGHZi","","9"
"rJJ3ivMKbvbaRYbB661FmNm8SXwfucm6Dh","","9"
"rG5Gp9RyPL8PctPGmSZR6pnDwCz5idvtLk","","9"
"rE9paw8t9isULKtKeYXkVWSmWwUHqmnG7o","BearableguyClub","9"
"rD6hoNjF27eZsvDrJeuYApXwxfGn3quxvn","","9"
"r9m4Mb1A7HnotcHVpJPvuy49Hy4XU7XK1s","","9"
"r8Zw1Tbt3on6BfuC5nW3s57ZdVg4fkz77","","9"
"r45E6zX7DE82RdNAGQnomnchZVqiSx9pqe","","9"
"r3zr5q9NQzBtzBD4gduMRvZMJJbzcezb5Q","","9"
"rwqd4m1hKzGz64TF8K2szQ6mG1LJGJqNXm","","8"
"rsq8T1PXQusKyuKgdtJAMwP7QeDPmdcg1w","","8"
"rsM2xifSGgwghUyHWWAVuY1zUjkGS6JAo7","","8"
"rnFN2xyjtraovsu41FRnYU6GD8rqubgFMV","","8"
"ra7NUga11YgjwDsEn2UNCWqYH3qaQRQPrz","","8"
"rPAmAg1aFk3Nsn5qVUw31nudfMndRW73gP","","8"
"rKNiHD7KwCU6ahi8iXMoASn4ZXqJ1n37n7","","8"
"rGjrZ8xWpvNeuq4eesorjnuby64unPcGDE","","8"
"rDsSUkYDLyeg4jL3izGNVQPBsbVEZM1PgP","","8"
"rDnBnmFvhUQfpmdBZWxZHyRxnaxKRxnjLU","","8"
"rDggexyj74UGPQYNWfSwT1g69Pu7pmLJHZ","","8"
"rDbEmRiRRAaop2mSMjdNqAwtDFtn3USMqF","","8"
"rDYWNoiQdWRVu8zbeG76Fx4LewSdBBieDx","","8"
"rBrTaxa1jPx6qR4v8sLxVK4pTD6PkRXS2j","","8"
"r91Ziofbsy99ounY15qTarKtXrjizyZh8b","","8"
"r3rUreR7P3TTj2nRHr5aTvvtoqiFZSxeDR","","8"
"r3qjLU9JwPnZy6H1GAksFTduMdxZBUBd3Y","","8"
"r3GXRUX81F7AnHeJKzeoR1FYkQ13a8YLN6","","8"
"roMzy2YFBhREeqgjguFZ423rLuubmMRjW","","7"
"rnbTo6oRHwHdaAXRTGaPoT29CnWotrXTus","","7"
"rnbBDVHFQ61NmKcfHk3iQNPtgEs6Rwt2f9","","7"
"rnGLCa6gY9w14cDj9ZLiV6Kunw1uqZigFx","","7"
"raXeo7MtDZ3VAeCW5jsnkXcx55ReshzXAp","","7"
"rUJDmx8xqvK5dC9upeHSJDRBq288MbwPA2","","7"
"rPz3L9DgyvFwdLUm35Ajf1Nfgj7MUv3sF9","","7"
"rPEmQRJvcE3Lew8T1HpMNjRRVi5cuJYBBS","","7"
"rP8Ez6ymkNSGsnb6z2ynH687yo1DXpeQtM","","7"
"rNeV5368YxyHBQ2kHr3AnYh23BHPz6pgqv","","7"
"rNUDGVgW5c3pmNd9uZATuxeisyzET381Cz","","7"
"rL8Xujax7LaYpjfWDgYZ5QVvKamfULzL8p","","7"
"rJokSbArNrAdBHFKcsbAkFz6iTkYaNNBTz","","7"
"rJh9CM7ySorWA4yLuiLuPqRjmLJXvuCiEr","","7"
"rJYdVbibUufp3T1Y6o2QHqWUvWSgQpWgdV","","7"
"rJEjTTCus8j2x1cH6nR95aN2hCvwTSf4t3","","7"
"rBNkg4CUjuhhV8DMRZNUtSaAcWTM1hCwAC","","7"
"r4zH2F4t4JUCiABvSJVXHpuo2b35UdaG5s","","7"
"r4TpntaFF3vtJi14wzEChdMUYyxEHESdPU","","7"
"rwUG436QYSK8R7Dvvik6kpw42oFq9X645N","","6"
"rs1yWzLS9ciicCYrEtyAf8ZcqgXASyFAcK","","6"
"rpK2grmcWZgjBbHYQocTTwFYKn7YYsnaS1","","6"
"rnPMqBkVYbGasJAQbq4BEnozGaA9ndvmj4","","6"
"rhGyUnFhVeh5f11wj654SMdXLVvg6UXb1s","","6"
"rf8XFwVzcozDzEQ2XCLbSvd2RsyDXKr9Bv","","6"
"rUvGBfg7pDxctx5e6p5jzyLR2TYB518Rrn","","6"
"rSUozobzLoRDkvRvA2jW5myivByzLFVda","","6"
"rPNx5RPYj1ALXo9Pnxr4imdkDWqbSR7wER","","6"
"rP5r8AF7v7sM1tJrBpzU3pcvJ1Qf6Hthbm","","6"
"rN9ejNt5hcyArmy47y1QX4VZKTp5ay7css","","6"
"rLsUyX9r2Jc4nuXCKnwiKf2kcmcU6xLpfi","","6"
"rLXd2E8QkHSo3VDSruSSRMXGKLNa9xL63L","","6"
"rKrJpVtkKytDRuLsdtFXX3SndBi8jQLJSg","","6"
"rJcnEURMmWyhCffBhiaHXAjxnX5kKJXysY","","6"
"rJb5LyfSe1f2A4oh2DGYJoioRBz25Cr4V6","","6"
"rHy7yWDd5PvkAW7uqgZAHgMPM6zqW7FKLd","","6"
"rHwM7GiRubuut3pJW2ycC4e6vaarV5xp7","","6"
"rHZtJurs2YgN7gu5cz4X3p9qH2Tx9KfQJ5","","6"
"rGJAQ6QSkphTXTBB6rxQYrwvzrxV2dar1E","","6"
"rEj7TXX8vqiWYfhLUdNLg5YkukFNRvecXJ","","6"
"rDxpzyzwXohjpcenDtttwaLyL3cjFLkuM","","6"
"rD9Z7wADEBUW9iuQrPmBwyKApaXuNUFzrM","","6"
"rByHBJQNWuAtXvJRj2rqqrW9f4GPR1K7C8","","6"
"rBkVhjWZpsbLr3d3TQ3wHfV7TxZvwZtaiz","","6"
"rBX8wmrXgyaLXZnHzhuo5tXnqTCzSMSpzA","","6"
"rBUrRNWN4HDD3S4RvsoYFejWGRCqLeWSjb","","6"
"rBETyfbho4HNgr5aWXJMuFMupmPPLHRv2d","","6"
"r9mZJwC3n69nqE18BJZsBb2BpwhQCcuYhy","","6"
"r5F1kWQKw51Y4FpSXhVk7f9WzRKdwoyfd","","6"
"r47aBmp7Q1LY7UAxLzigpQeGvfCdRzcfqK","","6"
"rxQsfVsq5JLojpo64NcpDFD3o6BsGreZZ","","5"
"rwxh82VYYv84W9hZG3cmpS5s37xpDAjfdF","","5"
"rwvALHcNYiXt4Gm6WuxGxssMZcndk4UB1K","","5"
"rwpUZ5uF2LWhZdU4FxhoEdU8KTSYRwy7e8","","5"
"rwFW7xrqTPsZEB6QFjj1KKNoSbcJFGyztp","","5"
"rwBJow2Qov7WADLt44YMGKLisQhhhoyaAG","","5"
"rw2GLHduCC9dLd49YRnuovkyttLdMDcoQ4","","5"
"rsxfWKWe4dcj3d9EBNYKDs3JB2tfsmKj7Z","Amperas","5"
"rsp7jk4ahs5TGXG9ftEuiFcv77o487gbZj","","5"
"rsjtiX7h6fVakGKb9toXzKZ36JPYVkHxvD","","5"
"rsjM5q4q7eNj2q5sMs7bJhEiJEgA38VKor","","5"
"rsCHdSpFcduhNTJsH1SeJhL5VBEkM8g9Zj","","5"
"rpRU8iHCYpEL6CJQBgnf61WUWXAa7BbutZ","","5"
"rhnEW2ZyhkCpdGd5Qo71yowWhEafgTgGSh","","5"
"rhLS3j8s6MADQSuwH9erc5cbGwnWUXwtk3","","5"
"rfbd4hF6X3YrmnN1tLXxBzpXwa4A87JgYF","","5"
"rfTYkVmCLoeQLbq6jh116BFur2xX2DMJLp","","5"
"rfRjtMZQtETcBGndKch3zFHmLk2CRXwCAt","","5"
"rfPDhqt7oJX18Bh4jyHXvhUkXkBtmF3Mbx","","5"
"rfNVFVXYKqxEVbo6X6zsJMESSLPTWGeyFY","","5"
"rfDzABSoyLxm8tFjsh5K2DbbtB4ESBUDX4","","5"
"rdsKmnU7KfY99XbPX99TM6NDEuRubuHvc","","5"
"rc9RrQ5UQgB1FHtcLySa36iMsRD1KYpy4","","5"
"raxppxxEpY6yCBmPfGVimKRT1sKWoc946E","","5"
"raj2VkCuH7FFVFk57vkk3s9knJTR8hZHQf","","5"
"raigyz1GgL2gqNtdPJmbagfxy9SYcgjG6W","","5"
"raStesCh59N8xWy4vbxykd5DqujreNp2YD","","5"
"raEf91gMDFrWprqo4SDqdhDZatAW6fZKCr","","5"
"ra62CD7cMESMb17T8Bm62igxXhXnx1sfeu","","5"
"rUw4KsnrZ5vfvfTpudaFk8fVGJVptYK28C","","5"
"rUqdT9QCrZH1m923XSRX29jvi2s8JEgDt8","","5"
"rUbKNZ2Tb6bGu7vuUGz7ahPKLMb4aRmJGo","","5"
"rURLRgfqV7BwUUs8xeRHYgh48GbiKpt1tj","","5"
"rUQQqktbDo3XvDnsar3LDNj7u8Uao3jAuH","","5"
"rUCvEB1R7GH5TyEMp5xiRAoCC7ACKkVVo7","","5"
"rUA3oXQ3erquC7ur88Jik7cNpQP9WCtPxq","","5"
"rU3zaCo7EZWzQ1gP35A62gFyeqAvUvkxEt","","5"
"rRhqMRjDFoq7ALTFbfkF8coZwWwzcDpYq","","5"
"rQJbK5hxMm2gM6aB5DEaRFR7AWtcPE19eV","","5"
"rPee2RkZVoWtouid9Xiswi1VtWhCYYq48m","","5"
"rPXi8ZHAn3xZpbhDPirTqWfHSQMr5mGobq","","5"
"rPRh1oB9UpUqnZh1r4W3yaHvtXT5FBG9yP","","5"
"rPPkSGdKrJqL8LWRzCdnqMCy8ym6KRNJiJ","","5"
"rPHuB6xke4TEoEsgV1skEr7q85PssbaPRM","","5"
"rNxs22PFz9bSHaVhzMgEtbPd3abFfsJNMQ","","5"
"rNogfQX5YaJu6HZUx5mCbBhKGQWrAHnSmb","","5"
"rNUG86S1mLca5BJdQYTpN9zKHSW3A9ky1V","","5"
"rNAKrfc4VoK2YiyMoAw88E1fV2kbBKzTgm","","5"
"rMs8ThwDLiAQGTy9QpEASKiM8AeJbvgbQe","","5"
"rMGRM5TSzYyCxZy3yPjUgAnqnuK7QCQVSj","","5"
"rLVCW8NW8HY4k56Q7vMnQgsKbE7CYKcq3A","","5"
"rKpqh8iFXbUNQEoE3Wc5AoesxJt3LJTt5x","","5"
"rKbQNZJeWf2SEFtf1qFre3Z7aXyMfm53VY","","5"
"rKMAneqgsqe6iVBoVFch7tmR1Sg3fvi38W","","5"
"rK5mcGuenHF4v8CHp3RAukKTSuZR9Pd36t","","5"
"rK3oRd5yifK46S6nC66xNtztvU7CjNtN7G","","5"
"rJva4kHCLiBRcBG8h33GZk83JFU56H3FxR","","5"
"rJEfM9tCHRPRNKbpXYvSXWVHtKsGZG17pt","","5"
"rH98Tr1c7W4rctaLwEg9xkq64p9E8BWcDM","","5"
"rGpBtiCFywHDZsvDtDjmH7sRQeuxHsqijR","","5"
"rEphjMrL13UsAo5DQhVmD9fidQFX9DYGjS","","5"
"rEeHAL23GrXYf6yauD4N8vJBGrGAbrmfjy","","5"
"rEVEygiqNfZwinmx95ygBPu4XTPz6A684j","","5"
"rESgHqUAUXhvuM8XZJxZQtqxLrHaRrwAHo","","5"
"rEQ75KC9h6jGmt3hj1kVTALvqswUyifYqE","","5"
"rECH9ut8Xxspy6WkFahqxL1BZe3oGPEAsn","","5"
"rE8NATETEQmnVSaoDZN7hTKcAMTTAq2UkP","","5"
"rE1hxZqCzZEEMQsLwzET8tJAvnfXdzm8Az","","5"
"rDvMTYwQxRbC4EJX28FYHnnes8BV1ZJyoo","","5"
"rDta32iYkcPqk1RtiRVi6txk9GPVSkGkW7","","5"
"rDpNxa5XRcmKpnkcHJmTPupn9hduQUCYCN","","5"
"rDhaEPiNWYESZgkMzs1uJMhRBY6trTGU9d","","5"
"rDWK4LBHxkbzGCXdUHQwFBNnvLUMNc5Ntd","","5"
"rDEY93512eGCGKfjFUySvyuMYC7tHdNuDL","","5"
"rDBXcbZd5bFwo7WHonQqiFEKXpL6eG2vKR","","5"
"rBsbyLKW6kT39kwTXNKjRFy6n3nVGCuc1i","","5"
"rBi1dJRyVbS9cR5ayQCyDE59V4M1aGwkq7","","5"
"rBgFcqT6Ld2s5EoJ9FJj5sjgVkCu6k3PH5","","5"
"rBd7srrgE1f1bZqyZcyvoPpCxqRq7dzMGg","","5"
"rBScHcF2nqPe31p4sEhjM9zFqZDb8YJaRw","","5"
"rB3Gn37vMmnVmfM1Ko7xFkSNS8x8xvBpQJ","","5"
"rB2Knn1qmi46spVyiLj1y9cLvcBLuNokcP","","5"
"r9sF6SYx3Uy3gJ4kLkVRprsUR5W9X6tx9b","","5"
"r9Vj98uo7QqNLEdhF1Bj6s13mz7p7ZrRQu","","5"
"r9HM3QcNiS4EP44HUUy4D8wm34PMLgaRvU","","5"
"r4h4ovGysBSMYgbZP9xWdxoQAJntPBTWos","","5"
"r4YkgFHRX7jn61bC2vqW7Pu3adc4QVgvsu","","5"
"r49WBtncCZS4VYrfzrbbVovfPbDwSPX5qg","","5"
"r3osNS3gd9hGuLqx92BbcEJJnGbjBZX42A","","5"
"r3gGnpCA82mjFQQP7Bxk1k9sPBDSPXaPLW","","5"
"r3ZUtck35hEjjWCw7aGK5DmAwZhSPiEgyg","","5"
"r3WUEQ35UQDRXLRubq8RgvzEynwyzCxVZh","","5"
"r3CDCpzGBpPRmWxjQ1uJHovzu2wbMZQZgN","","5"
"ryATZ4KThcgHunazd2CU7hGmNWpM2vpc4","","4"
"rwpbDYyAtNBivyLEUBfGunvzV6hu4X1Sko","","4"
"rwbejqbRpcMfzT3eGy5F7so87XUs3KtsjQ","","4"
"rwV3fypZy2piMTMb6uzWEX8Vk5tKSpWgrQ","","4"
"rwNrjrSzanE8eFkoiNSJXbF8qmtsYFPgkm","","4"
"rwJw3ysyVdGAAn3e32jSV9jscoVu9e5N4s","","4"
"rspPJpMz1aEBBsyE3KPFB5FpMV3wGUs2SF","","4"
"rsJx3bUKZhLXq975h2HPZmQpnTMiCoE5q3","","4"
"rsJB77kGviJg6TqVhPdpCwLrTMRw4a9juQ","","4"
"rs23zKKor2MT6174jK3G8vFswCDpeUBU6a","","4"
"rpQw1UCo4KCexFQLYCTTg8P3zzLfAn9rdg","","4"
"rnznV5RTQbmW63qmTQfnepwscNyndFSbm7","","4"
"rnZZ2Bsf3duJ74LrTKmBRNr5nZruSsJtog","","4"
"rnRf9nDhCfBzeZ3gykBestUp5mr4KZ9KLE","","4"
"rkGQTQ4vw5t8wnPBo9bxZHRuB7v3cKjcv","","4"
"rhvS3kXP4xuPsNbHoXzudmHRuqQnXVgKTT","","4"
"rhHu3Cx8R7GJ3EYUDSjqY7Snnvzg6VvR48","","4"
"rhH6szbH4QdATcyjvvnk9sF6z7MmHayvCg","","4"
"rfUc2n4PYcJfmcarkHkxHLvfMpZPVKTmAS","","4"
"rfS5BMQw4m9shtPCLZPjJvDH5j4aB9t57u","","4"
"rfJ1kSvYwDC1gv8DnYPhCpH4SkLQRDF4bY","","4"
"rfC4cDQfAmkPBFJ3N1dArsPA6WDdgv7noy","","4"
"raYwYRHt3r3gLDJEsehEFH4Le4GAskTJvr","","4"
"raR4EbWsxzk1HhtqR2q9HuxAAAsSsumJbT","","4"
"raNF7b7RhTNULVmp7BMzSjWaGBZHfvZMWS","","4"
"raGrFYzyKtnRGN4XQNovcvimEqPKr2vu3z","","4"
"rUkoQ7RZjeLqjwwwu3Yaez1F8LwrXi9pZA","","4"
"rUQ2agDCNqjhMkvW4qVjC8T5jgoKoCGs1B","","4"
"rUNqdAubGazTYtKzaHVW5nPXydeXfpCchq","","4"
"rQwuxv8NEdw9kZRBqvWFxH2z14UCLLxzm3","","4"
"rQBN69G94u1PEzg7bQgPREoqB5evqMNFbU","","4"
"rQ3EmiyfSRspgMAUn4r4jZJeQjfaftjFGB","","4"
"rPedCyPZh5rFAR9xv8BFDNXMnteqQEXzbD","","4"
"rPU3B2AHnSmqWZdGG9tWd1DNL2QxePoLFh","","4"
"rPAWXPHvDa2soXwFSpxtXQEU81utzaA1R9","","4"
"rPA5szmDicgpZKZ3U5JLHGcE9GX6ChwrH9","","4"
"rNqDuVrkpkdKcDrhCRhhVrhoqajugAjar2","","4"
"rMhMX5FCqc1YEooXGsDPBpH3UKVvKtjArp","","4"
"rMQ6g8PzYtsrBcMJoD8niAbaEjXJAFovKg","","4"
"rMMnNBtYMiuijpFmecE8Hnpx8AygPsAYfJ","","4"
"rM8HVEkZr8eKfs6YbazRniaDmM4kybb26i","","4"
"rLvAKBZaeHRDHNTfLeTSKS3i49C694jFrR","","4"
"rLgBUcu1Jg8NkwLYF4hXqH3nVXfnYcCSrk","Domdelaweeze","4"
"rLZSSKB8jkfm3WsLeZ1PrNxss8xtMMLiyt","","4"
"rKu5YATxNaE35MPeUp2z8JEf9ghTiePQL1","","4"
"rKbKmxcJNtvAp5ytv8hBFD3Tbvqy5M9JTA","","4"
"rKRndbv1PWtuMd8wsJftxWdUjpxSdjWvjB","","4"
"rJrP5emCNeNFN5T1gFe9WGKZrNpjPnu4LG","","4"
"rJUPfNcFzAeAZp8uBUPTkJP7bZdfQxYLD7","","4"
"rHoXjmkBu137i5M9HDseg7ufjKwccfoyiQ","","4"
"rHXEPwZ8iTNnePmFwfzidVZWsXiNREQBYp","","4"
"rHQyTdBoEAA5vNu5ukczVc4ogH2bD6rJBG","","4"
"rH4d9ehFFzBQPtRQYAZUmdxnQcF9ZFk7Ep","","4"
"rGWFCVT4vapgaBfYnjJf41DN8YdywDF5ax","","4"
"rGV2sWDJH9RGunBg7CANGyJ5bnBk3V43YU","","4"
"rG2eejRZzCeRMdDJqKFoY63ZxRjbf5hqRF","","4"
"rEneXvwAdbCHswpSDsoQnQqLyBCdB6pvgo","","4"
"rEGdtVbJp2FEcEd39pAZqkUXi3REwwdFvC","","4"
"rDzRN47uk1kfi58TH42fAg6EqMAo4a6Zs","","4"
"rDkonWL7J9CkUtYjAv8ajQktrn51VzBC2d","","4"
"rDBC4Hs8aTB59swhm8tgWj8qYCooobpX8W","","4"
"rDBAvMgvtCrCs7ZyXS6zLosa9hv41TVaBg","","4"
"rD3Kj25S88DxrLZZrWkDzhTk9Jj9qszceZ","","4"
"rB99vDjKCdAfKUgHKarZWsJcys84cKTkrZ","","4"
"rB8FBJAm4Kne9PZwvo8nU9YEhdHvsa2Z71","","4"
"rB263pzKthb9iFDhzCyXoPCqnzaUhmzNd7","","4"
"r9ouvD1bTJagokSpXBqhLWkb4bfgBXkyNs","","4"
"r9TcdGREaJjhjKv5cbAHEqpkrBP9GepYYD","MonkeyDVin","4"
"r91463VaUGUgWEya5eFRE8DfFft3KCYcCx","","4"
"r4RDx2FDtn3z1BXKyJ8oDZnAbFCQkuawTx","","4"
"r336FNPBA81WJfWB8WwrJuDwzeQBKyBCNw","","4"
"rwmpXefYPpyqz9wmkrY2MRcH6tceXbSejG","","3"
"rwdHiEob47EZFSCJRxE9uBpzvyRvvwLf1R","","3"
"rsuAuzcMNKuFyB5pN6yP61wjhUmnqFL8Av","","3"
"rsoVXAQ232P1DzTzkLpBqcVpk82QsNJo4R","","3"
"rsVbXiTqoVuSkzRQ4yy2n9FT1pGKDyaPhX","","3"
"rsNZZW1N26dnca5vZ1BEQH7yiTjdFQS7Pd","","3"
"rpXkCL49WbzKKak9fgiuicSiXNeQSAPwVC","","3"
"rpBNzif7VocYVUA7zyyLFaJuAZoEyjXi32","","3"
"rnfMpNoVp3hrLeQqjnUfeWNfpKni5pKqRA","","3"
"rnZhYkD5QNyBvBLtS9cLRsZFzjbCNYwEnp","","3"
"rn8SVxJ477JXHRnj4xAV8rY1sfNxNPMKJm","","3"
"rn2431ShqRBrxfGUFrxrixL31WdUjRHXYu","","3"
"rn16VTgSJqFfPFf6wNe7hJGGx4S1x9MbPg","","3"
"rhvA3r9rKG7h3k5rrnaQBZr3omKN8Ee2yt","","3"
"rhkZuwB8p8mSKV1uUgs9VLaTeFKa9WHW7J","","3"
"rhA5i9dWtXprHXYiAzgUdRoyybGmfnV9Pj","","3"
"rh5gM9Yc9C1zjhKx7ohETYpaJy81LpyUSU","","3"
"rfPYhqkoDLuHDiQ8jdexRTN8BFvDQriHaN","","3"
"raw8yTUTfeRriZvbau8oxGidJZqnPurDNa","","3"
"rap9dpK9v2ZmHZ1cMrvAfXojafAtM4QMWX","","3"
"ramNep3hJ1KYwYKVdqJYZhmpicWxC1xrfK","","3"
"raVRV5GDaSCxHVKocTdjDCcz55jy5b2SmE","","3"
"raRX1YpwmGmrUojXBJf5pSKpjofZEsLnhp","","3"
"raMREqcZyMK87aYtw92sMScucHg45zohGq","","3"
"raHdn6EqgJKKV5yfF2TXRdvop2mmAUQjBt","","3"
"ra3qGZvdbgr4P3Jr3Lb3v5fGqvKtFx8ycE","","3"
"ra1PCVnyF3whL6kmxPsfh4E7KQQeQV1oce","","3"
"rWSj4eehwHp58sFnWHCjMn3q1CJW51p3R","","3"
"rUtZr9Zt2MVY8WPVs8o6phL3Mmpfg4nQrn","","3"
"rUcBBpUdT32JSCM8ZduPhG6XvuMmX6gxK6","","3"
"rU3VzWZVz7ozCMpMQRsiQpgPdRtZxreDjD","","3"
"rQhioyVoUqTFvMkbE6SQDs8Vib2nKJ7CUd","","3"
"rQNgczTr9Vh5rWjfNmFfBf7ShRqDoAUFsH","","3"
"rPzSyhmfWhnK5RycaxgDwFUGTf1tWEZbmC","","3"
"rPX1N6EkrfeMvDk2AqUy6tJ9E8nRu6yhZS","","3"
"rPUms8qcQ5YN6jHy42Jx2tbhXKELEqtfrs","","3"
"rPP9VEoHD9qs6FdwfTUwsC71CRKA4mbgyz","","3"
"rPMuri2dgBMTt7Gv6uDdJB1F6RfctoAT9c","","3"
"rPKCAHiKXtbzBtcD5Ka8vFnGK8Z7yyu9D5","","3"
"rPJNQNtXMneHkM2QQeLdc9yzjULjau8Thb","","3"
"rPG7kAoqYbNhn73FEoriEfhgcVVqKdRtRu","","3"
"rPFucrP3T31BnsRUX8xTqPfDnMWMa7n7Fe","","3"
"rPCwKLEEedraQzfcBJHLy2hJYHoDvhzW57","","3"
"rNo1MRH4NnrBfQj5D2Brua5BX3yXuHS6eY","","3"
"rNa7iKHPwBthUSmdTej6jkttCcrdtJkt8n","","3"
"rNZUuk92435NmtrRcH15PkqAs9draT4bRn","","3"
"rNYKYdXzsYNuqAvBGwu5tpYLjN9egHcDSx","","3"
"rNFHiXGP1F4PbQYVBZZhE7EYHSyctptm5i","","3"
"rNCjCxsxVoZJmMbL9wH4ZLrKZFtnHztTfm","","3"
"rMznEEYM8trrZwZQGiVG6vUMpNmPefh4mi","","3"
"rMRc96YmrQksSdUcA7qGKoxg8VUMfS2bPq","","3"
"rM6S3JacKrieeAeKLQ4Hjt6G2hgrWStmih","","3"
"rM4waG5FY97D2KAmVvJmsErjfZfWh5tHZH","","3"
"rM3a7ZfVY2QCv227Ty9gcpjNJf7LrAQp1g","","3"
"rM2T7eAE1aMu1bUquEuCCaLFQ5fVG1C5V8","","3"
"rM2NcAjdFQ1Z197ZngCS7gPFrwSM8PJ9tt","","3"
"rLsVmD4YW3U3aR4mVaAkcmtyuDtLCj5ZCq","","3"
"rLqqpBBA3tDNmvyBAMRH1616GgBSUuGBJb","","3"
"rLL9RAhsavUALx1iV4FVGXuWodrpkztLMH","","3"
"rLKWTbkn7EJwoxjRDGv5bPZmmTCEdbbx12","","3"
"rL5PRDBsTUsNTcE65wya57b4L1vryaTvmx","","3"
"rKzhimaT787z4AfR1yeA6AbEkrbkVm7fne","","3"
"rKVXWQwnQwjYpgoUSe7P4qQeggMTPYnKR6","","3"
"rKBHrS5fCa7TX6ZYTz6EMhZtPWSL6YFKon","","3"
"rK97Hw8DbAeoL5atbmKtouRQJFfBXKGPRE","","3"
"rJuYMsswUJPGmQvgDrWHpkpupjZJ35vEKp","","3"
"rJpS4bhsLaNodMzq4yacnCBZQgU87EsgnA","","3"
"rJhhnLD2wE74ZdBji3aaabmz3Txfe376pN","","3"
"rJSgfvbtRLkv5P868ULrGmirhsHaY1En1W","","3"
"rJHAPSyzLt4sTLbyjr6UHFGYHFLQw2tHgh","","3"
"rJEqHbFytB4PWUsZZ7M4haXPpJaJs92Yrv","","3"
"rHoXuCS2ERPr7rd1a9c3sh4aw42Wzk4frb","","3"
"rHgpADpEigrWtZwSYKvQSzV27isuYezdq6","","3"
"rHfowjXakSEhTsyw57Mahs9j7AzE134sxA","","3"
"rHMSBH2n1Nukk8hyto2wPPNCYs7Rod7384","","3"
"rHJEYA8DjooUxyJ7icFYTLLGXcS1JMQubb","","3"
"rH4JVVKfr6popukuD51rUyor3gBcF7E9dw","","3"
"rGCP4biUUY1rkkvhXeBEoEvN1Qgy64seYm","","3"
"rEyMGKibVRdogNtKZtDRN1XNKNqniw7CrW","","3"
"rEx1JwYjue1vYwpP3DMXbgYAgbPUJNkU4Y","","3"
"rEw6p8oAep5PmYbKqK1FrR3F17TLUVpsm","","3"
"rEh4WQKmzDQMt4ftqMgvzWNkaocADo1gPC","","3"
"rEZTjNZDqwf6bp6N8pcdAqWiqctNhUfznx","","3"
"rEKq3GKfm7jwo9FXrfgJ97hcWxrauko3d3","","3"
"rEDN6pACAAyaUAsozC7wGB9yNCFz3FGDUj","","3"
"rEBjgzrSEzcwqXrNNSKBtHEMKaXG7nhjck","","3"
"rEA6RUW8CWYxjWCHq8YuGenAZbA8XZ1Spm","","3"
"rE66bq8UanZxeeso8dCUSjXqFmxkjFZ7XT","","3"
"rE4j2JSTLFgbu8JenPYMWhx9crVXrgfHuT","","3"
"rDdieseL7a6H5B3sp1UPq6auipeG7Rsce","","3"
"rDZ7WLB9M3HNuRGheqDwqC93AVBmfb65t7","","3"
"rDYWNta9DGBajGKa1AHXxmVug6DSHTtarX","","3"
"rDQebRiVztDnVkWkMWpVoVLQsqCxZVN3R3","","3"
"rDQM1UEVdGRG5oHXfd8WzGAcVuSzCfpMSs","","3"
"rDAGachEVswSuY5zvwCCPzt1vPh56LuEgR","","3"
"rD1JczqBRHW2gAwMoJ4zWruMy5EfWAHNGo","","3"
"rBdXpN6ptdKJ8Xtrd81LvgVfiQsEMcpRxT","","3"
"rBT4Ma3zFFY1rLSqtPz6TJSvnTk9jZEkaZ","","3"
"rBGhz8xeAHqzFzAtivT6kknjHFCpTPXm9u","","3"
"rBGCuupZo3npQYK54kcUaejQpNe3mTmKnC","","3"
"rB92DrjAWqAxAf4PEV8gxXs43vRJBAC5cL","","3"
"rB5W9wTrH8BeawPNZzjUCNLdX73stetuLH","","3"
"r9mLxMRSe5HUGcgwrRpzHcw4eCAuUsV15K","","3"
"r9eQZ1THyvV86Y5hMqQsugNjUuxKb1f4eq","","3"
"r9Zy38mVEP6729BF2tSoJKKUSWDb9dLbzB","","3"
"r9UwNXCQKqsFAZwA8czEQhXxgFnLa5KwEF","","3"
"r9G7ynf45jFTGXa25DGXn5f2oE7ydEJJb1","","3"
"r9CbVvum73WgiGiQdft2pvtXqkX4yK9KAw","","3"
"r5WMnxi5ndWM1vSAe79jDvMLgStQXymvV","","3"
"r4UHgJziffHK8E9BmD5gQ5M2rWWeMLtqSi","","3"
"r4SBAuTobMibFSnHRKHw5eGezb9Qkybf7S","","3"
"r49vvWsFdRwyL7KmjhYJGA8oKmGsHRksip","","3"
"r3pHAJn51Gh1pdBPy21VxJ9jzTFdhDfaxa","","3"
"r3nYYebLt6LkBA27szubrmXKjRZ7xyxPz1","","3"
"r3nDSzKoebH3S5PDGkdGcTTDcECaHgWeS8","","3"
"r3eGfh3K3QW43fWTQFDoxDVTnitpv8NJ7V","","3"
"r3C4Az78zWboxTF38ZPd4BQrnpoMyYKmUg","","3"
"rzoGqCnvv48w21CpsxA5TQ7qNRJbG1xiX","","2"
"rwucstPh99Z6XV184RnaQRm6Dzmd1gag7e","","2"
"rwuZoW2mVRmTHbrbFVGveHNrHDB8bxdi5h","","2"
"rwmEBZCC3DiZJviAZ9DB76GZM6FnKn6qpU","","2"
"rwjPakHswht3s976T2aaqCC9F7MaSm8GTi","","2"
"rwiCYTzAVSTKbXoATiuhiQ2SsMrvVS226m","","2"
"rwhFMpudHYNT7Ms5jgU6AsYuz1F2MEoSEz","","2"
"rwdnZ9MLW9FpXk5esHYqicXBWvSqEoafzD","","2"
"rwYjmLHkpqRcBuESGCpFAjdFCuhZZJy8E5","","2"
"rwKgwydb7NRHNS8gVpG6QEP2tYqPhroYrK","CuentosDeHada","2"
"rw9MLETdxMvhrYjuy5eP5EaHrNRXWzWq55","","2"
"rw7PPEtFAwTW5QA8ekD88ZXuqtb1g5t728","","2"
"rsp4vYfABhLXgW9HQ8uizqjTfGmUo3cxaz","","2"
"rsghNaXEhixxi2JK5mFWXoc6FMLYirtMdG","","2"
"rsa614fckHaBjDpCcZNQqfvVFVPYZzPvE2","","2"
"rsSskyAwDsbx2Twu59bXJr7tK9s6nZVogj","","2"
"rsQZ6Wc9NNk9ZpoVHWojtN3UG8beakJ2Sw","","2"
"rsMXekA1whYX3z8M2VuxEjWtePpiSH7bUP","","2"
"rsLUBAw9L6iXh9KzCUMkg35531VVoaHz8R","","2"
"rsGCXU1Mgf28J4zTABfvksgUhVs5cej9EK","","2"
"rsD9feA42obWfviWYgZqLspxnADD4H2MGx","","2"
"rsBfzKsmuQ6x3faNQzMWQaMpHpA3iBhAy6","","2"
"rsAbXB4zViSBq7WHBPzRVcLNih3D24JhTc","","2"
"rs4HULUYNcbwCmH4KokAk7pus6wRpgtfmg","","2"
"rs2X7o4V9gpkoeYUzcyfe5QN4jQt9ZSjtr","","2"
"rs1Src3mNJiFVikewHcWggLejPX5E9uxKv","","2"
"rrp7EQdgvuyXxzPNosCUkTgaVcuY9ZRjvY","","2"
"rpzNeooyaACZXnwNqMRg3zkw5A4y3E4gv7","","2"
"rpq4J5WPypWzKGKntEPfV4WNA1wVqiiHUz","","2"
"rpmajJjYjeuq5kSY5a1eVuuBHF1Gpp8DgM","","2"
"rpjYsNYPv7S7S5xgHAX83xSig3eeAftXYQ","","2"
"rpd3wVvXutgqLAmytSJS6B97y9KA23Whzz","","2"
"rpYGsvBkpPF5beVwfGM8NgcgE8iRgZfN7z","","2"
"rpW6oKWz4nXqii1Rr8Gzkhw8qdJQJoAJyP","","2"
"rpVWbaJUMvEPWkF3j9NVrcPoUyBGn3WyDo","","2"
"rpUsFt9ZYFt9CgHow4KiXoN8F3Pq3QTPAW","","2"
"rpU1faTqaJ2MAzV3mdNs4UMjUzfqzPtJ32","","2"
"rpKG5ejvkLvbKzxedkU7UJksiLqgxb2QKv","","2"
"rp6okvh3fqJ1oKvZyWgWzeN54gkzSP8J1x","","2"
"rnxQF7mwNFJGdsUMs8PVh4Rcx5VUoVrtve","","2"
"rnsDZAAciH4qhN85q8iP1EPkBar27jh8gV","","2"
"rnqJEcDjFSoQfMD6AtiPyLoQgz4hnPzAjo","","2"
"rnoWVuAGZscDbUSc1UVuC1SjComxpf5Qxs","","2"
"rnhwpvPWE6GLMP43JTtq34JkvQ685pmicE","","2"
"rnbBD1acvTvpRnEEXMMmT4LrsKpkf9fSj9","","2"
"rnZrryqddAKCE4wjpQ69xjFs6tD46oiiLu","","2"
"rnZPr4jCzFhzg6kmVbHGnGenqAXA3uqmJX","","2"
"rnVFhuymAyCKKf4wQmTPjWuQ4J72BdRBYD","","2"
"rnTiwKZfEWcxxZdnUfmwwq6A7RrQDaWXtv","","2"
"rnRD2oM8UyQt7nkAAywDAfqVHsSj5oTDtP","","2"
"rnA7GhHW2SmLFz8si6UVcZMjws91PwLBqi","","2"
"rn7vNV6TbhiRdRDoV7kMFuJRrRjwQ61ksq","","2"
"rn4Ej5S7X8cyqN3Jm4PbqBDXgEgxJAe6Cv","","2"
"rn1b7rQWzu2HS9p4UQ1s1uxXZGmsrhrmVf","","2"
"rmzktgaN6uphtZ6MLwi4dn9PAZnY4u9nG","","2"
"ripUNT8D8vkLdDHC8G8w7ZKLPVPX5vRZ4","","2"
"rhznAKBd9ZcSFtEUzmo8Zhu8fRhjSqjdeS","","2"
"rhys47hLTostCHnshjSTnTxDWwkhdWmYoS","2Cold","2"
"rhgGSzAtbHgyoRdAM6ccCz1SpMBnN8TiiA","","2"
"rhdkwZPDbEvM9UHLnK16717pQAnqHHo5Es","","2"
"rhbnMPEHXdf9UKgkFUBeHvrBbmGtQuPv82","","2"
"rhbWWwwGAuWymAUHnZ9Vc2gxcRj1wCSffn","","2"
"rhVnnSsnkW5xgXUqoJRCaPnY8UTFeajk5Q","","2"
"rhVSft5oFsAnoZcY4kSPBm2JDqRKjP1N6U","","2"
"rhN7oXj2RHEmfC4eF63S7A2fLG6pQWGHa4","","2"
"rhM4nPatWwsNdndAdzLMmEjVjy31Qjwozc","","2"
"rhGmBZTsf9GqJdo5m3R8ocUM9bm6h8eD3Y","","2"
"rhDqKdgVij5EU1THFXEXQT2Xh3yceYA27J","","2"
"rfw3BHvER37huAcoaEvGXgekAefvHsMk5G","","2"
"rftmZcbJpkfLFfUEbZ76MiNkDvtz62BNsP","","2"
"rfhQS2eitoyepCvoZseKpD5YFQvqygDWHN","","2"
"rfQ7KH4qadtGrkeRdfifJrGoUXeJMuHhsz","","2"
"rfJAoNVfU3MRZF9XHUTQk9ALodohPWTCHu","","2"
"rfHaHvKuuadogc181iJJ9rzqDf4kaH2Pas","","2"
"rf8dN7kGTpgvXheE3k9tA7Lsos6oFrjtUH","","2"
"rf6omDgBKpm1wM8J37CBNnTWfdpUHYpfmy","","2"
"rf3zwdFXyy9dyhhfDjf5xyVNmDfewHhhrW","","2"
"rarvL8MFUw14Yj7Nq5U85xakXP8mw5SwmT","","2"
"rahYBG2Mx8i5XnyokAbYHTkt22coG2GrPP","","2"
"radT5HJfA6yWP2yvukhG1KxyQq38SybCZw","AABest","2"
"raagSsYyLSYsJ5pW7koXTxkW83SUQh7NV1","","2"
"raVT5YsHNqgjSo4LzFj8V5d2F6SJUGQ53R","","2"
"raRRTFuv5m4CWMDaGjgtvkTHEwLDnYgKuu","","2"
"raQNZe6E9MYkWZrygZ9Ed1ZTRTzcNDMBBG","","2"
"raCudLauZYEtHbv1BN6aECAngHpudMithH","","2"
"raCFZwx6r4uYpASRZWror9VGZPKTKCmkDV","","2"
"ra92DbdY75D9TVnP9oshV4Zr5Fras29ePT","","2"
"ra6cqiHt85ntLqyBeBVHf33qfwevaKHYCB","","2"
"ra2GzSQ8U7c6K3i4fgRXgFzscCsNTtvhPu","","2"
"ra18YPmTBB2mrEHokBzVLZ6e6gmUAhFpyk","","2"
"rVskiZDst6oVypJF12J3vKpEMy7P4BR22","","2"
"rUzYjvdd33Wd4enSG6wkhiSmgCbm6Xihvn","","2"
"rUwtS4f8AskEsRbnSsPGwsAp4UZRxCLPha","","2"
"rUuLojRwEdsdt9zcu8g17ek32WqoBAppna","","2"
"rUm1BGfbUvoHoyWVFfsMQyzF1ewHGkqaPa","","2"
"rUZVvbMrHKAyoAVpkQVsRkuqimyz2YyvjL","","2"
"rUYVC8Yh1sp5auGZcVD8bezxqnfXJcj7un","","2"
"rUNuVLDZsbJZnh1dMzGtjDmuDjnsn1b7q","","2"
"rUM7Jtz86GDga2wtS9M3gbwrofoXe41WHG","","2"
"rUHyvUjv1nfonx5v92jbtHNxk4UFp2zY7U","","2"
"rUGTV53H9u2WyEmhcoyLhJf7Ub3msum71M","","2"
"rUDE4hqMeLuur4jzRFeHhX6fHzoRr72Ygd","","2"
"rUAWhKwLgY249hxwHsZXtYLaPbjPG1PUeK","","2"
"rU6FKxc8XkgxqHd8TMn3vdBGSh4WmSdBDA","","2"
"rSfy3K1qWbNzBYrbhNAcdPGmY3AFDHmWV","","2"
"rQpoi5HRECsC4FNNCEL5ac6NFz79wF5xhf","","2"
"rQniiRwEq25pZEYE8HNAkPVdRWkyWBRorm","","2"
"rQaxPsfzRN4734Murktzv4AAsUo1NuWJR","","2"
"rPujUW7FQmQpFs71kJueHjTr5CXnvYkCYb","","2"
"rPuTv62BUQ242ULJFWsRvoDLmvDDM6Qsd7","","2"
"rPtnMPzqfTp5FMQbVCti2VDbmmJWeML1Cv","","2"
"rPa1DyF7stA9ujZjjo1rNo828faSazDkbD","","2"
"rPUBvC6BtxqNgfP96YahCRQHPaXXijY3n","","2"
"rPRhM9mrYwRJdpT6f65nQb2jHLJXNZDM8y","","2"
"rPP72cX9Kw84UzPWr4suLbYDdJTSoUWhUH","","2"
"rPM9XoUrWJPBdknrZCWkR3yhrT7NjsWLee","","2"
"rP53TUDhENPHpkEQaps6Ms99mwVrC8imW2","","2"
"rP2JVMnMWgtZaD4w2DKKvYpPP94nxZyVer","","2"
"rNru2ujG8YDtzUAKc5csyQuc8McWgdBUAC","","2"
"rNqoY1SnoAkLWjAvUTLdVS3dyWDjAh1tVx","","2"
"rNodyPKYPJdZPUfm2kpwnAvPw8jfsWXXXQ","","2"
"rNnYwz7eVzKTFVJe13kFNoGJBjgU2qNkv8","","2"
"rNjeneoFoBcnJVUSpub8ynceaSYeXRxCv2","","2"
"rNjYnbnbvzUEv5dm8Hf9EZZDnHtwjmrHBM","","2"
"rNhFQQGviBLkvsGty277uCJpX7vArW4ao1","","2"
"rNer2bvSJyzQpPHxkBwmobm36TL7DHK82W","","2"
"rNeExV12iSMJRENsh8sgGvSkBTpxi2NtwG","","2"
"rNdabAbyLgU4sDd6cQeaLTpbRdr4HRBZF5","","2"
"rNZ4sHFHipA6VswXurDFf3xPRhBNsMimQC","","2"
"rNXsbp6eERR1PxubzeixMYPJAEQcWy7whh","","2"
"rNWoJqWJygd1CMDMLrbqSfMrKAfHFfJSNh","","2"
"rNT1xbtT6F7qAy811HCxdknfmA9BgxcQqL","","2"
"rNJ2pJPSPCBbjmDxmtTST7aGGkCMa65RbV","","2"
"rNFpFJW3PYDmhTa2h7Chy11Mon3XmKnn36","","2"
"rNF2xHq2ZG82t6GM4ZBAQ2558ww1S5p1B4","","2"
"rNE3tmfxnnnYYKKgPetAQ3qJ1Nww3pxj7B","xrpSHEPHERD","2"
"rN24DwBXFpZGiz8dcupFCCC34sgNQ65a4t","","2"
"rMzmBRfwAa51b5t9nppEnwpwgnqpBziPni","","2"
"rMnBHjs4yCKiGxNjweZhLF9KH7mpS8E1f6","","2"
"rMdZrGxqXqv4d1ufCfAViCrgN4FioewkgF","","2"
"rMdBcRxMD7UXLosA9WhzgucZKbAqotNikV","","2"
"rMcbYH2ErJcsEJEHVpCixEJSWjB49SvZAJ","","2"
"rMcBN6UdGtkxVNCrJ4NX4Qnoq5xm5Em8qw","","2"
"rMZ9wzRHQvdVuT1NdN6mNA6aZJ5kFhS6y5","","2"
"rMTSps14tsVnXu3pg8FbJ6U4SEhvyKvh7V","","2"
"rMT1mrwegw6UuYExYZWTA2kHijZVYKtrd9","","2"
"rMMbR1iZ8gP5CUNknVZTqo1qgnMGMRsUac","","2"
"rMMQismVCC1MC91osjCJNBUreoowZbT8br","","2"
"rM7wDsgUpg7TVGjHVXGAoLKmuAtfPT7Fz4","","2"
"rM449ikiFPXLAMSozCCQKMD7c7wtJtkY94","","2"
"rLp4nHcHqwUiLbpjnKoK2LYrwn5CSYRRAb","","2"
"rLnemMJ65d5zyc9nxsRxY5svmumDabfJkB","","2"
"rLmnC7Vq9YNxoCKUpW1uuqZ1vCmRdgVvtd","","2"
"rLkeQ5mbWmma9post1yeYF9oQKrmc8rGmU","","2"
"rLhDabDy5n4RbPGhVjTGF8gsYW1gX3HQQN","","2"
"rLa3U6fdJm2B9cefKV6YUewwDQrLsUcT1L","","2"
"rLYjU9pomAsYh4PPjvTQf8qPpM26GScN1q","","2"
"rLLZSeWcvJYuTjPJXcjQh1YZGenM3af2zJ","","2"
"rLFVv9GZdm4CXw4iijCoHTyHFJemQfrrTr","","2"
"rL9dg8nafc9J6ZmsG9qQzmxs9T2mQNjs2v","","2"
"rL72jhoHcjBTqs5GPVk5Em6nq64XNjeM1e","","2"
"rL3bY3x8Hg8b5iLqhjscGXzU2uPQ6pZjAa","","2"
"rKwVxPchvFuxVF9aQeiaB9NoARqHoozgeH","","2"
"rKoREYA3cFXPbAUtfj1Y2duMMymuWpuNDE","","2"
"rKmobVBWYBeyRvKaBGzXfwhyChC1NxrKfh","","2"
"rKetYyxKqJojtL2fnS9CZazK3qhpYRp8Dv","","2"
"rKeJ41WTWmsNJ9xWhpnbhjEzxX8bBiBjmE","","2"
"rKcAJyx79cDJFmGMh7uWdjKqAciHpcyc2V","","2"
"rKYYL7tyhhn7LzKEfsy17mmYRsNPZ4Vfwo","","2"
"rKGYmEiw5ewagxzASgxeJcsuvoUNLdhzq7","","2"
"rKDbzt8hVYBQpnGszsfV5dmwzqUvnrXfvZ","","2"
"rKDaHLc1zX9odz187QPmbnAKM1RnqwT9W1","","2"
"rK83qfpxLqD8kaKL7husxYYVBrDdkrLUgV","","2"
"rJnrqzShfC1yPciq8iEUTAaTu4fM9UZT9L","","2"
"rJjWC6uDSXfWDkixpu2WzpuGDFzuvRTbTa","","2"
"rJduJ5HwRceYajLJ8ugiCtFj9GkJCHBgiY","","2"
"rJWFDCcbGWb8JRuSnc9JGmXy68YiUU5WfU","","2"
"rJWD5UPyufaqtcKJEBwGjYenpEM4g5pbQj","","2"
"rJSKiHhk92tLgfWWH6tSw9uijyActqXbUw","","2"
"rJNGNLcThsUfqQNfzh3syhpCcCuQkFTBaP","","2"
"rJExq7L7T5KfT79d54uLtmr1msFussTCt3","","2"
"rJC7DiJLMrBnL7E9dSSCGrMBs8JdTHqVM1","","2"
"rJAZKFaMb8Jz2mqCictStTmKP4vYuCvdvo","","2"
"rJ7dmJFGRnbGuC8ZKCWp6wbd7mzRdUBRWf","","2"
"rJ29cB6oWrg8ajXtxZZEyUMPZcPSFbdFsT","","2"
"rHv1vq3cxadmbPNmW2pz592EGEEdn7JRxy","","2"
"rHt2sRJozBCuBYgr98PPaQzfnGtc7tTARm","","2"
"rHqKW5ZbXaWmNwv4zvySsRvV8B7Q3486Lo","","2"
"rHox6ekzTJwX8MUXeBKsyTw8i37pUxcnm7","","2"
"rHof3te3jAee1Lg3byHCwXdBHHnj9kEQHf","","2"
"rHhZEYsSdbBegpwpxNAjUKLF84St3S3jtL","","2"
"rHU9QvuQvbkfmFxktB1YDTPuVvyqsY74n3","","2"
"rHQrix3g4sLv3Trk43Xi12jT9a6ciyZr8T","","2"
"rHFikvjP4hYAk5bfgeCmGBaXxUxhEUDxVt","","2"
"rGw7Dv2YTckVp5txHC16jt4SAZLobB97os","","2"
"rGs1jjmgZfCnCbs2rdodd6HouWGFp3nvEr","","2"
"rGrrhGS5RR7KmForuTYzaMUmoeoEW4UKcC","","2"
"rGp5gqLRLUdJXytjiJVAeHaVY9pN4NzSMF","","2"
"rGoN31CTiD5KCPBY2uwwxNumZdnRuC9Hi","","2"
"rGnAysHwB7FSd4UUAHkVtV9pinhkEiQdhr","","2"
"rGgaqq29pa8KLD9RKgBBT6hYDbo6CnAJLE","","2"
"rGemZkb37afGhdEBvuDXzwCgDpfokPJwzS","","2"
"rGdngn3pMXpSii8ykngUBfH4e6R4xFmq25","","2"
"rGZm7eEV3qZCPH1swoxDvY3BY5dWr1rZff","","2"
"rGXjbYqwoywzsskmnxT9UXUFGMfdZQTBWk","","2"
"rGScmmCNCuNSwS1mt6HrFDCdrekW1wpXVa","","2"
"rGRhiXs7FNpBSjjzFfhNxRVtEpAYHZ2YdL","","2"
"rGNAoM3punrrP5rPc94EqYvzD67Sedopuo","","2"
"rGN3t9oBhTo3NbPRYV1mt3neKy7861L4BX","","2"
"rGJKwiQ2MaTtdsgUD1anuC5UUDfYiYVmT5","","2"
"rGJ5zgZhrjxgR3GkMxmUWTMXmoQXHY58Cz","","2"
"rGDz1f5KscarrSAAPS5uZT7iuUSk5oEKbD","","2"
"rGDdxmzdyff5JbmtyJiHV2RmXaQUKST4te","","2"
"rG9f2zFvb5f3CAeZy2mg5xfjcfxT2xdFbj","","2"
"rG8zR6Tod1nTyUPqNVntBp5nWxG3682mwu","","2"
"rG4M94KBrM7L4EgUVANnXGrZY3if65crRX","","2"
"rG1kJ4rucvTJXecMoiJ1APS7uqcgnTGx5B","","2"
"rEyCh71NAWHYJ2axV8UqPxooRymoXbCS4r","","2"
"rExty78mnJbQV5vv74U2DLWCeAkmxyevpk","","2"
"rEiU9rc7rMSZYk9JXqvDmhfG2q2KAVPX9D","","2"
"rEguV7axQF3sJvQF7V1BtuVp8YTCkP4ZRq","","2"
"rEf81v5saQbRVnpFhDJTUi6vAy1bmrP6yf","","2"
"rEXzmCBv43KeApEqjKnDw2x4bDpXW9E46N","","2"
"rEXwo9k2eb45jd351KhpWkojD6bbH5b2rF","","2"
"rEN1J6buUzo72Qrx5mhAG4aDpJi8dCdezB","","2"
"rEM89pejCmmTUzV3pb1WfAuawiChRb25Sy","","2"
"rELYimCouTtW4E7KdexL4Zd7vYi2yANrmA","","2"
"rEGDBFoLAPy935ZmmCR8PymBFskpzuKpWi","","2"
"rE2utxAngQM54WxUhjwXcnmaQx5K2kCDpv","","2"
"rE2PJ279TsriGnbPW1j635WQgbuK7DAwKQ","","2"
"rDzDy3qUdEUxJmby25z41pNvteePGwkaUu","","2"
"rDxpVH9eGjZkzsECXLWPyN6yPtd1KrGqB6","","2"
"rDt5GwYmXebawd7vUCKy8wLqeNXDZPpoUF","","2"
"rDqqX6HoXKecTqhUQzgMajsL1gSesHY2rt","","2"
"rDq9y5NJXUxWCRkDeSrwH4fCqMnDX5gLDH","","2"
"rDaWyYExqXPJtJfRma3XQEiTbm57JKPDfc","","2"
"rDa3nm72fvXZ3fVM8z7ipCkppabSYps35m","","2"
"rDUoHxCL91fVkGmzrntfCxerGbpuLLPdm7","","2"
"rDReN3oeBDmSgoZeJxc3GRA5JN7shrw96d","","2"
"rDKDWz8dvDpWtKFzNXZcYoXMy7kthZzfhp","","2"
"rDJJymANegmKbyT8cw7hK8fGsminVoPuND","","2"
"rDDQqQ5k84geMobtrb75WQpX65SwzZPrYo","","2"
"rDBNLEH1H6UMyJfAVX4EcSSzpjqn7MJqku","","2"
"rD9Po2JzRNAyJit6gEHfZ6aRerrJ9qC11N","","2"
"rD7bpeXsidohEgxujVboBi3sCxDtbScFXp","","2"
"rD4m9Rt7RcuP72Vtvqn5AJocUpSjzfUqHE","","2"
"rD4ZLjbniE55YQ4FkkjPRvZKqyiD4g8XBQ","","2"
"rBwXnLR5z5xjPV9rYKZxXcgQTnWyG6MgVh","","2"
"rBubSFhaDdmBfFTDcPUFq32kbAiXQLuRoz","","2"
"rBmoay1cuBENu5fso7EjcsY3cHsDgU7jCy","","2"
"rBm6KCoixDVYQe7FSTdHZ11HRUi4cEhkzN","","2"
"rBivp8R2UQ3BhgaBQj5mWBzMjB5xEyKkMU","","2"
"rBfNXpAWW3vgRkcrq7MG3LHVMxCLA2DqFo","","2"
"rBVM3BCn6FTVFPdxchfcmWFkpCyNXLCRYi","","2"
"rBToEwgFcwrzULXy73CDWjoUF5TuTyLYzo","Wiggy","2"
"rBNKiLqTh62jNtcAMig9P8kRh1WRRe1oXP","","2"
"rBLkwjUmAfoAaoYaRRxi631TaKvDHQSHVZ","","2"
"rBKuSJ9MzWSLJZTXbdcxRRz6pJXknakFZr","","2"
"rBBJCvwmDfqqpZS6jAB98md86cGwj7waBy","","2"
"rB8SVJTF2qzNNxjjoDCHpYuxa7EhK7Bg4Z","","2"
"rB8FACFfwzNNZx1hVwcjymuxWodhubM2Cz","","2"
"rB5sMdfKtvRv7Yr1ANQwfSEuCYGxaeb4SV","","2"
"r9srAy3gaKMVpPmXeSwSXDoSzWnnP47peF","","2"
"r9aP3cAPxYrSKNBHWZagknNiAXhsLLkHvE","","2"
"r9XzcKLs87r7FhG3Qo6pw1m1HL6cuz2czh","","2"
"r9UiDeh7p3RtPXV4qbyAFgmhJbuQVbm2EE","","2"
"r9RLFHRKVDC66pGmznaWF3GgRyy3NBQjeL","","2"
"r94BXQsFjD1FrLXvDSdeUgK8YZmZzWxopt","","2"
"r4wPdfj3mi96eXLSqAogZJ3Nv1Bwu3ZhnX","","2"
"r4w3KYpH4sRntCHDBS4Fk2nvEsCbecVKWL","","2"
"r4v3ismtmzSkA1SmsxKpxeW3aab7okVsTS","","2"
"r4tJ7rVfyjBeozW3AcQ2asmMQno1ispNSM","","2"
"r4sNhF9yec17erHdARxS87yuwdr97Pri8x","","2"
"r4pu1XC7jWR9M6sjLq1HL5h6jHg1ypMVca","","2"
"r4fqChwipnKRU3ysY6YBAQBNSrgysUP7G9","","2"
"r4bkenPshDVpGRPtEJ3AhjEcpvVustSwnx","","2"
"r4NpY9xSzFX9PiVh1rbLniiVE9P5hYLxFR","","2"
"r4MC3LR2Gf9s3iVfRM3kvKvVWkf6hr2qAu","","2"
"r4LehgqT6kREcjVzAGF82qcBpFhRstDnd7","","2"
"r4AKsM6f8v7FgDwVZW5LSjdYLuhmDcb3NM","","2"
"r46Y3g8TBS2Z6WTN8xHsD7oPRywAkdF7gP","","2"
"r3yrPZ8bftPamaQDV7S3YdGATCyk8g57MW","","2"
"r3wvu9AfWeZUSA7Fmzkh6CFUhx6fHvXEVA","","2"
"r3wukAbhQfvUM7YKsNAFWhkYJUWFkKFq52","","2"
"r3weuKjTnNorFTEDeRBjtqzpZHfrxEPrwU","","2"
"r3rN2iZE9AUnvttxkLwyXwuVbEoNmMAwg9","","2"
"r3qebgzfnj8odT4uLUk7CkikwnocE1HFgB","","2"
"r3iTwMifbMkXWFJhkM9VNkHfujGKjqgVBY","","2"
"r3hoKt2DnUb4isfR64BdYM9X4SmqU2aADx","","2"
"r3et9xgJtiycHfJWb6NvjbePvMfupMH92H","","2"
"r3bsHVVgs5CLVjdcY3PBwzagx1gDstJEUm","","2"
"r3YaQfMwvu6hWKb184354LRUgqup6SG8fJ","","2"
"r3YUM5DDSoEd48NJuWGtTHoikkfLF9XyQP","","2"
"r3W5Tr41wsHn5rwkieRx3HgSbGs7khSMo2","","2"
"r3GDVnejqpzC1Zqnk5jQboSpA7Ssbv2Rpg","","2"
"r3DEmDQGitA6dzEnJB7ZPzn1cH5hb7CtvZ","","2"
"r3AQdXdcGgbmuojvjKKiac374tZMTq79wP","","2"
"r342hitdn1ZHdDwWhDdxy9AbKLM827Dn2d","","2"
"rz9H6J8FQM124PqvYa9BordquyYnm8sg7","","1"
"rwyB7d8Jx2ByxG5WbP12T6muqr9r3zYiJJ","","1"
"rwwqKkfPy1N8Jgzi83tpz44zFTMkHpHKa8","","1"
"rwwNgRajFnJ7TKx6D2r7aKs77dNm4oAYDW","","1"
"rwvZ2AdmYTxcwyvbqtyByvPwC76NvcABYw","","1"
"rwuovkBxaYY7gg6ML6nH4Gb27HgWwCxZbk","","1"
"rwun6xufHxfD15CehHzshSP2NkZEhvGkkg","","1"
"rwqaXoMgVftQVBxkHgGq5JU7XbS6DgmmqW","","1"
"rwnmNVY8ZmqVoxqs71NCpDhrRbPqNnfo14","","1"
"rwi5RHck3j53hzBEwgpfDq2V7EKnzwytKz","","1"
"rwgc58SxUPt9r8UaGhdto7KBt9BNNPfLDT","","1"
"rwgbGxqpeUk9YnzVsAQogG2LfMrJVU2Ued","","1"
"rwdxXZB2tAomGx1Hv1GdM3RrQ5mqcWEUHx","","1"
"rwdXTgBCegEZW6KmfgPTnCrhVtsUT18pXC","","1"
"rwdXAWAJymZdZ31hSXZNnkGserTU3dtyhp","","1"
"rwbh66ar68eUwAYNAj1mjZ7Q6o6Bpwaw8B","","1"
"rwae2R5uK2sUuUV3pxh1dnCaoWibFjFtke","","1"
"rwZQQNPAUFDZXCL6qBXJFaemaTYKHvz8W5","","1"
"rwYpT7kS147pWNDGL1FmYjbGqsjasFoQwE","","1"
"rwXGzbpjaJdyzhjezX7WyoNyDFUSjsaT5D","","1"
"rwXExdnJKTpMFifzQyNiKfomjnLq4nJ9np","","1"
"rwWZeKeLbzSHjgWVNoSRKWS5q5BD4LqPgc","","1"
"rwRguRQkuWC4Cdn4zeYdePNFEuVLT86EZK","","1"
"rwQNf2scoCeHX596UqEgBFGkFumiBtYav1","","1"
"rwPwmRuzA1sRR9usCM9HwhrAB6EXGP4dJq","","1"
"rwJfiZ4gjMYc34uV1BtXc7boSys8xizb5Q","","1"
"rwJ19t4N9A9q8PFjjGTyYuk9sXYDDcEN7v","","1"
"rwENs8KnrT6H6sqPBAotTw5emPgwuknDU4","","1"
"rwDX9EJd9p5UNCaPpYoczd4opRpqEhSW4G","","1"
"rwAuRZpBebpJD4cxsyEwqf2UJqtFfqRdrr","","1"
"rwATVPEeg6eh7iqexGVPUiVeaNVjADNkCV","","1"
"rw9wwFMMPcctKZuPfCBah1qdTBRZnL2UMc","","1"
"rw9JJH7hy1mPAC1Em31kmT5EiHK11rXQoV","","1"
"rw3kwXiXHqzuqE6VFxC6XAFfVVfDDwmcmq","","1"
"rw1kFTCg5zR4eBoozTfKwBUsKRfXYWW5JG","","1"
"rw1dT7D8VjJT9xKwbv3cB9VkpYUdwX2XXV","","1"
"rszrPhUoeL8QVZohfXtWayNSAx5DPGxXjQ","","1"
"rszXvNYbHR7VogkzWz1oN66e7qDSrZW9SE","","1"
"rszQ25nTMPxX4Ujkb4hVaSWcTqSR98gbPV","","1"
"rsxQERTUfUFh15JTMzTemgQKSVUmRzuQ2Z","","1"
"rsxKvXtrYkhT6VCT2jUgq1wkPV41zMTkkQ","","1"
"rswzt5XcMPvUichjCDA7RNHXgYUTGevwme","","1"
"rsviahhoADx1B782rdW6p6c8i34keEcYYB","","1"
"rsvSVU4PGY1erjVtkLBGSeK8BnXUUpjs4K","","1"
"rsv6Y1PShQ2DmMcGpN2wWkp3fpYqswbAnk","","1"
"rsuZ9kLAshVi62hSiv6Roz7E5jdT5ktSmz","","1"
"rsqAvZCrZ65vBCD6XJZEqNUcnJFzoZgDWa","","1"
"rsnMtNx7kQuEQx6t1drLTTZGS28KuUFU9C","","1"
"rskYmbnjHSejm7kG5MbY45sBMeZWeTebrZ","","1"
"rsk14pYwq4hWPkV4YrBdnztiTVmSxbv3QY","","1"
"rsjk3B9W6fcSMLYYxtHDVtnLVY4VnbGJG2","","1"
"rsiz5L7Hp8qgHBf1MrohuqRfttVsppDMhJ","","1"
"rshawna9RrF5JNA8kS19NATFLB2jHBugLp","ShawnS90x","1"
"rseqzsWu749KtevAcyyDB9Mj8rRFFDSo5A","","1"
"rsdanQ2gtAAG7ayU1UwiLBbMvDSAkjAKoC","","1"
"rsbt9JYoeKCCMjJo6g4vYdujAzCaxiozdv","","1"
"rsZK8Jnrr8qRJC47u9ec5Wzsym3g2MCptS","","1"
"rsYxaDTuectxHfhzDPi9kvf9gZHLXzPvCD","","1"
"rsVrBoXBUqDDNg7SFqVqFe5SqnXoDr3h5j","","1"
"rsNgvTYrySWv6EeTnKhqPKDeTvYCq6ANBX","","1"
"rsHx4rjMCiggiFBSiFgbPyoqk8BxRYAicH","","1"
"rsHPai1U39jBXYk9qi5WikbJa3cX1LirmE","","1"
"rsGjSnB7LqFnw6cCRo4wtKM92trQG21NPv","","1"
"rsGSaPqDyizg3gss12Q2XtGA9LqpsPmAtE","","1"
"rsDFMesxHgbaJ8kHvSJ2PJE8MRP3J9UMrr","","1"
"rsD5KsWRjxWT7i9gBP4rmPRLhZqe71NpR4","","1"
"rsBgWqGxXES6F4RVVdY1t4BJC4oBAQWQwk","","1"
"rs2Vs3kPVGLWKcq4vbwiGkwQBXfFFC3bpK","","1"
"rrstLmpZ2PcyWUG4c3KbqpFcR8M55d9GQG","","1"
"rrnVGghyQ2PEeemwFXn8GfT4HY3eyfMcG7","","1"
"rrhw2VbT6Jd52zHJ2Eh8a3yeisRujCTth","","1"
"rrh4MrSw8ZVaVTVJo7xzcoWnTK84gmxS6S","","1"
"rr6HLJARTbM2paTNiHnr67JMotc8CaEBH","","1"
"rpyYUCJTL5Ww3Sf5jHTxZZAcggDF1rci21","","1"
"rpwnHqA3g9FCikozRDjsayxPfJWAFvcjAs","","1"
"rpuK8sdGnMCiQghMVwDW4sYDRcqpymrnSh","","1"
"rpsspZpHC135Vp6qLQQ8tKkxRTqcWpfYF9","","1"
"rpsbtzZ5NLabnmY1eKLQqdqge6djfgZc2o","","1"
"rpqwcUEmvKtRVuqGrkyM9aUaVoUyWYbA4r","","1"
"rpkuSqtCacGx9cV3yY9CNgsckbBiFiPDjt","","1"
"rph7v6AizmdAZAdtten2MEeyEiNmABbMJs","","1"
"rpfY11nkmP5Z5YtFVYcnRFLsEGRvmcBsEG","","1"
"rpdMekzxgpVasaCKwGpvHatgmt51YdNB2A","","1"
"rpchaTU97cFJCyD9desz6MQhh3j5A9gwQo","","1"
"rpbAvx4M28wQdmTKE92wA85pzCRqsdEnzP","","1"
"rpYUjZGeJk5BVeT98bWG5AkqVMjL3LTCKn","","1"
"rpXvfAdgKGqV4mRMJr4pcnSXQvmRVnAT4e","","1"
"rpUnFitW2gXLq7qGfueGD1VXQSwSWa3Y8e","","1"
"rpSNzeeeh1vePqXuhpvNUTqbfsQR8MJieS","","1"
"rpQwTdvAJkLGZThQiEq1gV2gdwUYtkpYhe","","1"
"rpNEdaVkoXS1FHNTMAvCfDsUGs8FtwyzYM","","1"
"rpJgSXe6aeF5jRmdYW1jPfAAwp5eLYosxk","","1"
"rpJcPGcVxbaVpkHCofsXpZWTfNm8oBMB65","","1"
"rpJVkR1PxHfSL4EHzK39VnQx8ggCPqkF9i","","1"
"rpAWM2K5ube9AMsF8WaF6PTGjFp37BKrgy","","1"
"rp8d6SbQvVabjJcusPqq5RUtAM2bNQBbKr","","1"
"rp5bcK925yiBLt4NbtExpQd9K5RDZzCmvX","","1"
"rp5PGTY6HNQ8XuPttZwvXUSVoLvgGeJgCK","","1"
"rp4QN7ULPd77yfhnhMJVjJN6GXyCeetFxp","","1"
"rp2tF3qF8bwgzhQcGkQbQq4W7cXHSae9xA","","1"
"rp1AzaXjGi7kic7stcCr7par7zL7Yzgtbf","","1"
"rodU79vkyoxAuCErAdcaUrAw6WgZparwF","","1"
"rntdQsoYsvtTGsnixQ8KKmoKmMNUGJRX2F","","1"
"rnocQZJGkcQFeAWnsDk5c7t6MkFwQdNHqv","","1"
"rnnzuiACJEtmCuw6LBXkQHRbFR3wergJwc","","1"
"rnin7Lndrs12FJ8GNGxPM1SgZGst2rjpQ6","","1"
"rnhJcZrFQHREDD49La7PAfrdHwBzpUhaCz","","1"
"rnhFvHncHh2mj1292Zk57gajw1zZacDog2","","1"
"rngxTJNFA2YrQT8PNoyt5jc5KK8dzmjVqC","","1"
"rneVThpzP2wAmQUyGVX1UZfJgLVWq8TJV2","","1"
"rneAXchoRLKLF4Jojfw89VTf4WT94bTmQi","","1"
"rncfgbG6zeUV7AK6AHBNMPmt9Mpczb8YY2","","1"
"rncLzo54M4z8czEj9SSFcU1C5fFLpsaJda","","1"
"rnPvzbxi7VzrkYa2BpLvT6darr5Ahbj9VA","","1"
"rnNzBReJ79d2HJ9YcvGCKu44gGCTLqBqQS","","1"
"rnMbZUD2Jt1n9xjPpsJSW6zdxrRzWrooW7","","1"
"rnL7KRL1W4atqrujMUFqB6fekaXDk9ZB4J","","1"
"rnKXy8t5Gs3zSVWRQb8XnNgZ2A33YPJLsL","","1"
"rnHAKWmvNDPmTXTbxd4dsvzpQ3LUFSRkbK","","1"
"rnEzVdmiUY32EugN3FDmsNqtgNKcBPRsrU","","1"
"rnD4ukK8Hd6WYCR16ypBMk348rHHdgnYJV","","1"
"rnAegXszL5puRyj5bp9Pg19aN3Wosepz6z","","1"
"rn6fKCLA5H4yHfQh3q8vZhkkJrmkkbTP7U","","1"
"rn1TbqApSEvqcuWoNF6dCzy3YbDPdrwTWg","","1"
"rk1dSZc1Hp1w3MN5Q3HiTozL9r9G39KLh","","1"
"riyP8oMsX6t7ckWozHv6NzJ2hV8DDNG3T","","1"
"ri4qwvHCCJ2brWk2P36u15zf12F8DS1Bc","","1"
"rhzFqxWHpUoPx8jwuBqSEDWysbZb9A12Fi","","1"
"rhx51cnHWd9oDo6cH1DTPLunFLfY5kvHuK","","1"
"rhwNJkXPi9qGXgTXB1d4VyEEGhJyj7Gu3i","","1"
"rhuVW193Sanpq9gMexntUKSLDB23hxFU2k","","1"
"rhsxg4xH8FtYc3eR53XDSjTGfKQsaAGaqm","","1"
"rhsknegfCtzRiCBXTCrCeTtnTuhGAV2c1x","","1"
"rhscQ81oxPp4JHbfEDxZuRU5McmtsD4rZ8","","1"
"rhsAFbzcUcatPZNTuDrUYPU7m3hyARAUxj","","1"
"rhrqFpBwQo4vtsW3h85mv1ygKGK8T47fhd","","1"
"rhq7qADSiZkpxgEWLHjvDem5ZZDmvKuucF","","1"
"rhpnvT4ztuERJc8DmfnAQxpEBpTMjht8Xz","","1"
"rhpNYJua8VSZA3tLoo3BWYbidgTij4oDw2","","1"
"rhp47grftCNFwVzkEst4HM6aeTNcZf6qcF","","1"
"rhoAuxUB9GBWhc4HQs1XNYRof4AxVQQeXq","","1"
"rhmMiSuF2XR2LbFK24DynhSQUXTczf36Br","","1"
"rhkjECuZTr17Kk6seU7MoeSVWT8ndxAuA1","","1"
"rhkXzYoTEcvHmLV2EKFxhoQiyU1x8YCgAB","","1"
"rhi6Pg5hqStwLQGGfCv4GCyQkiPtRQmthr","","1"
"rhhy7o3ak58qpuwSK6wMpjzQKu4cPstF3j","","1"
"rhfT7f9Mr3YXt8EhfRvfMo2uF7B33PQHcZ","","1"
"rhfBk9oBiqT7heoXtDwhYV14qrYprRyWrg","","1"
"rhaK57yTxDj5paoAy63VqF5mYU7dNbP5ji","","1"
"rhZkds2b4c1DyTzGRMBqRkgVXtgxVd6X13","","1"
"rhVqfnPa1N6vrcFbx8h7e3W8jM2gd9QU51","","1"
"rhUau71vJUhL3nWnS9o47DBMBcyvk1vtqP","","1"
"rhUWeiUoCPKDLJnhBb2pa7Lemd1HUyGdfm","","1"
"rhQ4zJ5YhAkZzR73ggzzZ9oQaTupKNqS3f","","1"
"rhLpJgcuRD8JqEHGYKGQNUWqmeMH23q5rb","","1"
"rhKsuF1woq78Ph489YKv5asZnoy4hT2Lre","","1"
"rhJ4ZZhp1nRy7AeT5RESrKxPbUMDTuCXC5","","1"
"rhDhGndkDwWnKyr8PyLgDQXX1BNS2Nbf59","","1"
"rhBNrPbGy2afBu4DHA8dpQDetaiUFN5ZnS","","1"
"rh9YVw5Lx8VLr3Meu5A4QkE5M3ey41xjx6","","1"
"rh8KtDxB9MnjTJo9t7ZuiNBrmPPu5Vy9AW","","1"
"rh6diyNNTDXkj1TPirHwfETDJWi3Aw1gwQ","","1"
"rh628HM5tf35eho2HUF7xhwz4pgNLU2awk","","1"
"rfzXNzX4ohdTrEo2ASsmkvAG7dtE5PGFMe","","1"
"rfyikiQpVfFB7MdG55UZXd2eK2XFbTL7Ah","","1"
"rfyPZDFXLtnhZGYutDwMujusShynbvK8nL","","1"
"rfwmieDPAWUyDHLGDwL9Hm3a7cnhFdPp7c","","1"
"rfsyQh5bts2HZo8eTJS1o8S5QvyUdkcLQd","","1"
"rfstArbiLgMkzF2AE9Y4JVG1TY7jDvgkUb","","1"
"rfsGLzTrKkByyvkS35ZT8zsfAJaGjCQrt4","","1"
"rfqphfxUheNCTD6ybMLrudAnW7ri4KPpmW","","1"
"rfnpRjz1sXjTSgf5CXDDXq44PKHWjHb8Pv","","1"
"rfkcGCvnNzUBeKTJjwVBcYKEWt8PZYDiFy","","1"
"rfha3S8TjsqMSA7rDYPGnQRJgQUwu7EdxE","","1"
"rfh5cWrRBVPnSnArdynLBfbzJ9KM3DWXWN","","1"
"rfe1YDi4UTTgQnC4QcL6vAoq35CeFEZhMg","","1"
"rfcLZVPsYmwQJkj2udaVD3YSQE7uQSKjK1","","1"
"rfaEdwDjP9ypDb9sAx8rvBipautWbeoiQ5","","1"
"rfZqJhDRcqpeKo9y5W1haACzqUgaQgGh6e","","1"
"rfZ6qfExbxJNZaAx5FtSEW6j3Hq9aVxk94","","1"
"rfYyCRHcYKA5NVi8g5nEejWAkTBjnmABvo","","1"
"rfYEpcKarEHsU2ESWp5vrsP53SM8r1wWpQ","","1"
"rfXAbEpGKTMrh2c2ovheEZTmQgKHb9fzhy","","1"
"rfUMQT1foJjiVcDjXuaRrp4nPFW61k3R1X","","1"
"rfRb8V1BGfnGxAe1TPi8XduS8cAZRPhLoJ","","1"
"rfRKjLamq1LH2VcQdf3DUZVfyVssd4ZMwi","","1"
"rfPqeejgpvCp5MJa1pqErCodydZjJiPv6H","","1"
"rfPXQSFGrtdh2N7zLBj1qx1gsMnUQYoCtk","","1"
"rfMrWfKBDxUoZHpZxQDDCm9Z3rLq1G32GV","","1"
"rfMdJzwyJj5Z3uuuBmctGpDJrtGaqrXTVS","","1"
"rfM8f2f2mXb2LucCPMgpfA1bhjB2kDgScU","","1"
"rfFJQPwWgqc6ur5QmGW79BRjRmBNGUwPkL","","1"
"rfF9Fx2paHCcddTPXHGBLYeBBa4RYvmU2v","","1"
"rfDHVZ57zngfAwDxK5m9ZT19gnxGtz4vb8","","1"
"rfBZsqxNKhhCozq3TKdNNG655rdogiPLcY","","1"
"rfAdpB75yuZzE2TftVkicx6dHvoogi5ELN","","1"
"rfAXie7iZu4yx14sCN7qzeSCtpZCMJBCMr","","1"
"rf9cqSW7xQ1wrLheiSi17dtNSbGrtMHDKR","","1"
"rf8JPHgRSeCYE9RMuSDb67s9eimcRWkT1u","","1"
"rf4oDzwAx1M2guRDE5hkYFyp6joGm1iar6","","1"
"rf2v4rkobt8a95VjsNY3Ty3hPdytnSRzJ5","","1"
"rf1F9tTKCwznfAvSLh8hyLFUkhQn24rkkw","","1"
"recQ1DhYp9foTM3YyMDRWrck6fuM62rWm","","1"
"re56UnTp8jKoG7npGJbNYHrYe1iJmUBfT","","1"
"rd5GZnePNy1yeg6NZ6ZkvEWfm3wjNPAH4","","1"
"rbKoFeFtQr2cRMK2jRwhgTa1US9KU6v4L","","1"
"raz4KGD1dfziGvmeUTZWR6HVPoyLCBy1KH","","1"
"ravvLy2WTYDsyGVGtwdieyGqiWW98PUafi","","1"
"raucmqwmgqDTmYzydVfXnRw4MMoF9Lv7Do","","1"
"rathCDdqKc8X5ot6Twtr36NUPWkRoyFBVW","","1"
"rarwVdYD8Rvx8Cp5tgWHoEJtnwAyiQYTVr","","1"
"rar67VkBFcyjk8vzq52dT8wScvggpKcb9C","","1"
"raoZ4rY2nkqvsqst6RWHpa4tCwf7pvyjZZ","","1"
"rancvqtpoYoywTjVNMhnwC79NHrPtU2AiC","","1"
"rakMEehj9jFsHUFkikVDSb9krR2Dvs8d6R","","1"
"rajsJLA6xHZ9cRN4ZtN5zy2kaoTcYT9ReL","","1"
"rajQGCYdTV5wBEaDcCk1YAtLQNnyXKGFhU","","1"
"radRbTMPs6ssgGnxta3qVJAttpWREJEmgn","","1"
"racWksUd87ZzztpWmUjTDC5jFiXuCTdHgh","","1"
"racALDa3skNyJzxc7s8BCbUxBPupzTe8p4","","1"
"rac3p6GmzKpES2X9rjhwxgNyw43fWBbruE","","1"
"rab1q1tsXS9pQgkFWy66D2cunUBacZP8m6","","1"
"raajQiB7F5iFmX1GMqGk4EXgxq7Vu5yNWK","","1"
"raahrGQxNRFBdX2TmHkcxr4RioqQSWnL53","","1"
"raa4xULaCkQmLFu9gwWHRVmtYgZcmQffLj","","1"
"raZ8YXFMQYLdLpbihg1RwqfUfK4qtBTKSZ","","1"
"raY2vCNbVUCiiEpQCU4VW7DS6p9easgFep","","1"
"raXLjNf7gdVihZHSTfCaXA99qJsLo4LxEz","","1"
"raTzRz4Y83GwR2VtUbb5EVmSRvwRHj4AG8","","1"
"raTU4eEjQV7QhVqYb6imJBYpvZcfVLgonY","","1"
"raQGqnTjCgJf6t1Gzuk9sGfmmXjF7tkb1H","","1"
"raMh8VxCMELV5DLj1BvbigAnBK91hK5mZZ","","1"
"raMFQzcKEYTHNfgVYQzVZ3HuvW7vbAEBn6","","1"
"raLuYnoc2wBjwsAPw1ekP5LKFnftyAG6ne","","1"
"raKcyBzi785akqscRhpNyrEgtX1gaRQqcF","","1"
"raJfQwVAwmzFZz6n416smZnZeEd2fa3yxq","","1"
"raFh3r3nZHebiqj3TULDnpTJmwf7b8o9kW","","1"
"raAsUviangUxCTXkywbDjqb25xrEEer7w2","","1"
"ra8QVxHGRYBGdkfFjjXNs2pnJatHmKz7U","","1"
"ra7CBumC5VXiLYUZdqPUkcw8rZvoHpiRK1","","1"
"rZ2jrvTGAHLNMee4M4GD1PtzvgxsWg1LS","","1"
"rYESHUA4Uo45Lf7dbzFbLwBMECFBahHLx","","1"
"rXcFrAcyZ2XF9fsm88wvQX8sgQyarU1Dm","","1"
"rX2ZYFmWVKFFAWSxh6GuhS1UkvaypZQfM","","1"
"rUyjaZEhDdcWaEHCYWNZAp5WHUUwiePDqT","","1"
"rUyJbKaqJstVEPbXTt55sa1d5VzUXX9Mhu","","1"
"rUxtK1xEkuJWBtSkLWPaZPkzfLeHzA4mf4","","1"
"rUxPns15xcAt1FnMVRHd3RfwPCApWWgJDy","","1"
"rUwEPinCfaBFbVXBM3QoJV6FRo63jnumEP","","1"
"rUw5qGwUrfDH5gT3BEjLavtxKAHY3vjeE2","","1"
"rUw3cZF54KjqgHFPkjDM6PdNBqrLmjQbPg","","1"
"rUvuCWEEYwrPcW5WGQEmYdo3xHbNrwycKQ","","1"
"rUuD35KDmidZX7ForqkTpWfkJJAYuWsp2C","","1"
"rUtUAw3W6rv9DRVSqSJLxKQqDiibPB4S3w","","1"
"rUt5qQ9qT4ucDZRKBuR93tYxDdAyVL9QVZ","","1"
"rUrK7gnqEUyfqwt6hrTKioTUtxehVFsERR","","1"
"rUmDYwtXyzyWLadEZ3eKEysq6xTi3XTgyh","","1"
"rUjyRMheMyQfqoaBWF9sKWmLYs3FpfsJEa","","1"
"rUiqnjV1UHm3ouCUJG69AkEfe97Cf4M9tu","","1"
"rUiSw1cTQyzEC73MYCj681oCioxofo9ZEv","","1"
"rUfruZx2qb1Yz5cCZ6TJvfAEWZTBx3evBt","","1"
"rUbn3kU6Pmc3tqAQkUfBfvVAnqDGvZQaFF","","1"
"rUbmHGyf8WeBg2abqSXxfrarepXhWiPAt3","","1"
"rUajiFygDvDPYiNiCuvHHtq2b7md88Ls7F","","1"
"rUaM9d3tnA3XM51zcNWio9gWvbPYxc53JQ","","1"
"rUY9yQ4cehRZ4TC1Xkc94YGMdfKgVqJU7K","","1"
"rUXz6RHHQr47wyqkQgGjfDZVy9g9hchbUh","","1"
"rUXL2ksMkXaNehymrsZhC4pi99dbZKoGLM","","1"
"rUXBm65eXXz1yvnNzS64kbZHRZfbKKp16b","","1"
"rUV6KLGRvFmvGhBuptGtpfbYmYSwfNRJLg","","1"
"rUThueGovr3PVciSTQDAW1ArCBLtNfYvPj","","1"
"rUSyeiYUuSuXr5FGm9QJAXjWFRMTp3Apoj","","1"
"rUQNndqMAbYu6LxzoKbRLLJKALKw5ppAKN","","1"
"rUPSVNMsTL7UavWAYnQsCceUwoBhRxamau","","1"
"rUPRSYVY5mykqC2i5wu87MkByH21MYDNxp","","1"
"rUMU65sai5cvPw2XimPoR8W7RSSXE3paBD","","1"
"rUM6xeJqv8C6ynvT32gnPQEordmgassmUR","","1"
"rUL1Sy4yvksGDSXVPJsU2YrLSCDuhxbEn5","","1"
"rUKmvLk6DfRVC9c7ykFdNVJQfBM8XjjExf","","1"
"rUHwKcWDF5EzkJB9GgbcMBaDqxgafi61Gx","","1"
"rUDpkbv7ENUWVk5mdBkBbVomLzo4KU3XLp","","1"
"rUBGSzB4y7PnccYVLpL612nhhqj6x12Vp3","","1"
"rU8wjCt48n41EL7Adpx7WeWT8MkP5jmL5h","","1"
"rU7xYowLdSofHYiDMPRwFSk88Lp4Jp9tAc","","1"
"rU3uAXuJmFB6V8BfSsAtDrsBRsy8N4a2JW","","1"
"rU3cwvbADvrscxRcxHCXm7p6QvR5EcEW75","","1"
"rR6yRVB7BHuzwmXzwm9pAJ2ndpU27qwbB","","1"
"rQng6XuQinTHG8CgzJt6L1hdGfzPgrzYoD","","1"
"rQnN91NMezRioAXKXiTNWdK2771zx8bb5U","","1"
"rQfRJRvSC5xho5Rw6VtnVRMC8hpt2bPR14","","1"
"rQf35JTfUzS6aEArNa1cF8se1NbKyYNT1F","","1"
"rQNUNDSxSQFXw53VSxsdTNnPcDMTqUWUFD","","1"
"rQKbjmXQfcfVUyrBBGsDNcGzcQrTEA831w","","1"
"rQJYfrhfvuXF3eGiLe6c7d4n1zoJgNwwEj","","1"
"rQHiMsFUTShugZseCdJ8XLR82ijrosVEuY","","1"
"rQG7JB7C7mmFY1meD9ZWj3W7o9hNeq3JCW","","1"
"rQDfFidho11YB469ZWuFU1ftMfw5wpUwAt","","1"
"rPzipZNEQewkPqbSPgpN2NBEWPYuxhzTxB","","1"
"rPyBjy7vdMLQkfs6yd7xGo8AD1Jn53yG4h","","1"
"rPxy3sm3FghQ4BxeouZVVCtj5R53wMnDpc","","1"
"rPxchMKAppLRBemKLXZfmt4nWBePpSqMqV","","1"
"rPwkrYtthxQsJ9zFvXYoXJdCLKuManNt5w","","1"
"rPwZFeUc8NKwKCyJg2CMfxCwU9M6N7xCsi","","1"
"rPuj5X7AzmkgnbNbocovB9KJJ55YQpMskC","","1"
"rPuYVjxCTNfTgTYgahjNBCd6WPa2CbJjvd","","1"
"rPpQnXs9eWF2pWKb6gA6ojz8evnY4Bqqo","","1"
"rPpN5RGWCaMUMd5eu1gSMfBs4trWs2zjCC","","1"
"rPnc8PNPtCrzpoh1zdP7SoQZA6SNVGaTjj","","1"
"rPkHzT2Kvm2DJcYUBpaZCFMowr9xahHJHK","","1"
"rPjG6V7LKmDxEjGFZRLRAQrkgkLMpH5yTN","","1"
"rPirx3ih9nr7Kupu6kriJcB4Uy49KKpnBA","","1"
"rPexguxEfaBaVtGmdPZDxwcc4PwNUTm3y8","","1"
"rPbBjrrc2FD7CFVJKkx7JjQEiEF7QdNMun","","1"
"rPYWkswAdwcp9nXJVMhvbDD1ZReWpA4uVc","","1"
"rPWxXibANaW7XMSj3rJZJ73uu6wwDejoqi","","1"
"rPVjpYUXom2M42YQ11NFCEYfsQxPVPDybW","","1"
"rPVAx4JciHQCMkS7x9J3xErtZYwLzhxjps","","1"
"rPUat7L5Nn3LEtdmimjx64usFHbzX9vruA","","1"
"rPUZuLPWcD1a8auBBwAdujAC1hDAg9V7fS","","1"
"rPMtfgjw3dKzbh8x88eGRSDqJY7h6C9aK2","stoneynft","1"
"rPM9J6fi5AEpGMpmgN8FBY1UU7R7kqMpLM","","1"
"rPLVFGokTyR1Z68F9kxwsrTpdVobauPK49","","1"
"rPHgCV8716rx3hkPh4PFkwVaHiNsJo5gjg","","1"
"rPGuDXRyjTKCLbAWauPPnBLTSAiLgxm8jr","","1"
"rPFyThzA2VYQndAYJrAHfgRwtCoRWjA6yM","","1"
"rPCZmUVMkuZTsybheMfXg5DmqimXxKc881","","1"
"rPCVi4yphwbs2yEZyvsTA5V7Q3hKjdFurh","","1"
"rP5RpBay46ETgEtqW2mxRSrqyqvHofWzjU","","1"
"rP31LXiXdCfFTEd4JbdUveBAQSFmQGeuz8","","1"
"rP13ip9zaMkBLvtSGh96ETjvNDazuoVzw8","","1"
"rNzE9fCaMBDJsimJinSgK7ToHxdsGfeYyD","","1"
"rNwjAVEZPppmVszpVXmvqaZktMo9oc5FJg","","1"
"rNweSmHQWubGZH8FWxg3NmXPMGYULBC4i2","","1"
"rNvbPBdxJRwS5nU1dGBHDBtaAh4B9vvRoB","","1"
"rNtdE3b6M8kQMTyWM85YT2UqeVpkD6m4qG","","1"
"rNsuMLxA5y8LCeEo4aqbu4N3pFzezBTNVf","","1"
"rNsYBDcvDVo3oQjD38771UegSx13ZnuLuZ","","1"
"rNrUoETD3qqHZ3BeFDTydeCF6hsk8tkNbd","","1"
"rNrHU547bXJ7QhJp2d5PyDhWkCy5Je23j5","","1"
"rNqt4pt99DEJaz4DXvHoX2ZGC78uwZ477x","","1"
"rNomg3jbtjPZciv29Q5RjFkjdZ5C7vDVwW","","1"
"rNnAadUtKXbzD2ZBdAZifEXy4F4SM2gcF","","1"
"rNmexoT36gVAS1KB2qWWPHN6nqtWZAJGo9","","1"
"rNmHGzwKWdansjyXE3Jfzm7TpZqfVNM5mw","","1"
"rNkDYPF3akKTfxpPaF2t14BjArttgd4Baz","","1"
"rNiz9Vg1PqGASQTN3rYBWmEaVPtBpVWYEh","","1"
"rNiqJqRGNQHUMhEjiTLzhvW5UtHJmHGDRk","","1"
"rNhGni16hFE9vYrmArRFpZhCTE4CvBzQ4U","","1"
"rNaiRFQkE6ReEPYpmJWxqYWjiizTGdmVKS","","1"
"rNZRJjDZ7z1NB2sgUXbtABbEaHqCZNAnDj","","1"
"rNZ7YdxgCFnLfsXF4nJoqZTg8rfG2NDr6E","","1"
"rNYg6AgUS6ia8ZYX8E1Gf3cVTi4nv25Jqo","","1"
"rNWCFPg1ZWY5yuJBAyfv1ogavsBH7GVzTw","","1"
"rNVeHPKHjd1Wx6pFdsbnBDWyYG4NBZzzSL","","1"
"rNV3mDAafqpd6ae97wRhprGesVztCAK5Ao","","1"
"rNM5fhRqA1oCZ7ShGe37iGUM6UKHSXvduh","","1"
"rNLBYvdk46Zp7sVkbbjuGCbeJtAVY4Mk9o","","1"
"rNKKLZgoEEqV4F3qHX4yZtgr9pva6Vx7xa","","1"
"rNJTNLJpCmMwiz5K4zt1bgfeUviQcC6yef","","1"
"rNJHtbkPA2rcxkJce1hiH3SAhP6LMwEN4s","","1"
"rNG796hdFuHzGV2Nw4Y6LzAhByZDvyHMf7","","1"
"rNFqeEMM24waiafyk5PfTZBQCLJYEj7aru","","1"
"rNEQm4fPVDWBqXUAEdhQB3HcgntA38VwU4","","1"
"rNChRmw9FiDQ72KrCGMm7FyYSbK8XmofVB","","1"
"rNC6zYWbn7q7yz2uiXZRfVuc1wmNkU2DNx","","1"
"rNBs8gvG1x2QZaV9JoVvwcsiVHSVrV7fCL","","1"
"rNAsLQFshZYzTry9uZn1ZYY1J9iCZjwbAb","","1"
"rN5LQyS6SQX3pLiMxxN6dhA71UTxaxfKE4","","1"
"rN4yRPwZ8v6MXsj6wmS2wpgLuvZXV3Qb99","","1"
"rMyUrJ4yBuWKDGzuaHKbgm1cehfE96Mge7","","1"
"rMyAZdwuH72z25yS18atW58ueixHgJRwNB","","1"
"rMxbujTM8KaW7wj9eBqvbXpN1spFctYfPN","","1"
"rMx8Cj6KSttijVuTGi2Q1A8RMmGVUzpEMU","","1"
"rMuyzVnXFwY3bRgCtThmTiMm4CHspxwYmE","","1"
"rMsQfCZd5nrsXWqzSKtBgRFe1R5GYkhoC","","1"
"rMsMtej65AHiF8QsKfFHcSsfnf9AztKjAy","","1"
"rMsErSy1HJ355a9sszHKGQtoDakedboPSW","","1"
"rMs3Tkaco7PWNyxvgdKY33BumRcYFXUv1X","","1"
"rMpyxztweR1ApjkofeUJ1aQV41RpBKx53t","","1"
"rMpc4ZBptWKh7cocpgRRNvcV21ARzHsqxU","","1"
"rMp4mhX8PcpWJHPKneLv62fjiLqXQy8cov","","1"
"rMn1mAD1E8tAyfyHV17b4uGLfkm1zknGQJ","","1"
"rMmyGFcpGF1xeEXPcFjgGnr2XqnKGA3MKB","","1"
"rMmG8akbRXdLWg32Y4r1CG55g9paJ4kwYy","","1"
"rMkvA2GNWbNjfSLd616sXbGfrCD6JbPPUZ","","1"
"rMkkhxhiicNuQvBQViaf4GNHw3ziDPXWaY","","1"
"rMkdEG5D3dyfLhsUu8x5cP7d8ji4M21PJ8","","1"
"rMjZ9fMGHmHVPq4HY8PYhHFYWRetbaVHUX","","1"
"rMiqnk2qzw8PyGp947fPNpbBfKJGTiKQ3n","","1"
"rMigXS1XpLNo2R59JMRgWWDFfRXUDQduCx","","1"
"rMhUTJ8ir52uZRPBmEjduizRkoktezQUF1","","1"
"rMgrpum4nkEHLKe6oSKarJJzFRuoxPm8F3","","1"
"rMfZrCLn5bBW3oGbvXp1YBpxCSacJdZXUQ","","1"
"rMdcb1m9R67HQL2Y8EpwFR5s7ajJrDCcZm","","1"
"rMdMJv9pv53KRBxGKjA8WzMmqbh8zXEhmE","","1"
"rMcg5KTZEvusmMipfXwtpMX4rTkayDPng1","","1"
"rMbyJHcKL9bZDTYsRwr52LZhKCgGmHaqX7","","1"
"rMbs3HGFddUM272HBsSwyUHbmDq7HsRuxx","","1"
"rMZA4XcUv5bufVDP1eAXb2e9PA5zu7KQuk","","1"
"rMYvk1PKB26J8nhX96eVzW1xGPxH2JNLph","","1"
"rMXVRMpbhJ4bDt7qari78y83hRL8TL16wt","","1"
"rMUG6TuXdz68j7MC475ez4CxDQ2BJ9ZRWE","","1"
"rMTuLBbnLAV3oqJnzBo3nNndVUF3N5fUdu","","1"
"rMRSKygE3o2WqtEaJZVkBvEriLj6RXMnGC","","1"
"rMMvfoNYNm4WASQBZsriAThcA6cfCvbFrP","","1"
"rMM69fxFJ2xqYCDR7aTsHo4jBejh9XfgeF","","1"
"rMKfiV4Sfw54iUeEzBYJbGfoxaBvg8SuqB","","1"
"rMHaSFGspdhPjSgzjSMtwxqsLZzGSJnHA8","","1"
"rMGPndDLL3qAGCsMZBLjx1aDDrWod3beHg","","1"
"rMFmh854BJhyJrmob46hCx4VdgHurYPhhi","","1"
"rMDu7RqNccBP9waq1TjWrpsByEZHhqRkiF","","1"
"rMAfq1Z4DW2HDJ6RU9NYF6fdBXLnqoTofN","","1"
"rM8Nk2zN2LNTGcqh4S4WsWBtWQPZ5CJT5R","","1"
"rM7uzJND6yaQKyKQUKEpKwJpCwBwEgfjWw","","1"
"rM7Bp4sGR7ZVLcrX6kR2worFt4jZ3CMJzQ","","1"
"rM5txuqx6Mgofj7NrnNRpSaoc8smkqeCqK","","1"
"rM4Gd3DDPEv9FdNZhWgJrUta9vq9PknJNV","","1"
"rM4GX7xndQphfSeSKd4sjuF5TV5HL8wUaP","","1"
"rM3uXmGpFcUovZMfSye9NXqSzXNh4MWB5i","","1"
"rM39VNYuyiomZpoGRppfQmKt4xqymYZhb8","","1"
"rM1eHWiFGSzeyryvwMLRXgHv7oDW3VLRSG","","1"
"rLyMPV7KD7fxZTkMVWyAt5yWruESnpxcjV","","1"
"rLvHU9fnpv8b4ytKZmW49JY7wyQiWStMyf","","1"
"rLtwJBKcZyKgGroLV33z2Q9fmKYdsNQ1tP","","1"
"rLtDgYRwMTCCtTSayJ8NEuEov7L4dPUMVr","","1"
"rLr3hTjUCxhV9CCGVmzFD4r8spS1KA29Pf","","1"
"rLqR2DZs8NdtD99B5zNgmwqCms3ntvUNFE","","1"
"rLqAkCwRPpFozXXx5V96qHacQyX4PkeDfX","","1"
"rLoraGBG4EZ6PTBtMzUuwFvQYGrpFJdXA6","","1"
"rLm8uxnoH5mpFVjEN4wJJp6N5f6BJu5g2c","","1"
"rLkxarf6oYN7AvP5STXiPJLYttQPeVEfko","","1"
"rLiooJRSKeiNfRJcDBUhu4rcjQjGLWqa4p","","1"
"rLfjxstMi84Tr5kisHdQ8tRoSE8eq9eJXP","","1"
"rLfgoAA4CEEfsihwN6XDvuRbUoqEM3XLpn","LetsEffingGo","1"
"rLdZ7DYUxRnHgheubWjYzh4HbpFqQaKm6h","","1"
"rLdSF1ReiYVXMjV6KZCH9izqCzRagaNzr9","","1"
"rLbe5SciXuuUdFBHWAQhQ6iEpaWkMQLzCX","","1"
"rLadbCqcKDZJCPCuQE3SUYnZpRc9LVPPTM","","1"
"rLaM6xcLmCEt1E7yb7EoDa67pw9rRFSz2i","","1"
"rLW3PetvfESBbAjoZ9GA4pSwc5zBLGfmfs","","1"
"rLUyQK2rnFYGCVHSVKZWFp3hGw7276TcMB","","1"
"rLTzm6hqddXyALreXTF7PtJaiwV9WVrgXa","","1"
"rLNZjhGPvAZarTGyfDVAnjw4bXLKwTyk46","","1"
"rLJbS9N1jsFfXjidv4WHQA4yunLjhomKq8","","1"
"rLHXis7N7wdyVUd2ucsud3YzB1T68fWmSw","","1"
"rLGXzFcPQGZDM25nxxUZjVF4v2tHZcNeqg","","1"
"rLFcrd4Ncmz8itmkkwpYWdmE8xmfQ6krwS","","1"
"rLEUHuVCd8o9XmKn3nk8oGwYS3QEpUjo3e","","1"
"rLDLh5uqs5R2tXEWRcibiRhUb6RS9JDb5D","","1"
"rLBZk246vddezT9RUkJi2hjFXfwHnt8Rks","","1"
"rLAkLT3Ejd6zwFBuQjW8iyUNcYkzf41m4B","","1"
"rL6Sf5DokoYPCqMpBCpsdE28tQ8vyu6dcg","","1"
"rL5ZUJCr2yh9RCELK4575iYks1Qjp28HFR","","1"
"rL1j2DzdtT4syBdtiwovNASEAKif95JFxr","","1"
"rL1RczX3DPczKzmfyNXs64ZifraHgdfbMh","","1"
"rKyCZrK9hrNbnMfrbcuKLtDthnVA9mb9Ym","","1"
"rKxtKjNkSKWb3tiAHFnqyeFL6naZxLop4m","","1"
"rKx9MP7fKZXgs1MeMbKKu7qPyytgQRdYCk","","1"
"rKvzFmPbtaxekUQBJjAa6VUzLSe13inAE1","","1"
"rKvVyoCbHycvufh5NvPmcrFE82vhqG135n","","1"
"rKuhi3k2si7PWkWekPQ73sxUy4vnzEk3sY","","1"
"rKqeLVzA8GkQTRtsW9sQV31dh1FYd8FKTS","","1"
"rKqKwTpRGaNxbW8Fah7nx6AYFy4cTqypYd","","1"
"rKo56QPTHmRzE4xA8eTNqTUYx146S4KEpQ","","1"
"rKo2L5Lzd5dt2qWufW1LomwsBnCAHsaGJe","","1"
"rKnhAbtFxVFkBuXXpjEqdmeJCfcBmiFxzV","","1"
"rKnL7kfz5pDuNkW4eX6HJcVJrGnFQR3Dfn","","1"
"rKmTa3tVdRowegapUV44QLwwvdPMgFnRZP","","1"
"rKm17qb7Dkwd5UkthXsjy1Tfbu842VqPxu","","1"
"rKgDoAKC6PEYEiaZjMRbsANiUM975vbGKY","","1"
"rKfSB9FMzzGBv8WYFesXU9mY3pLi5rt5A5","","1"
"rKcZq2yhPuF1F3r5j83pEHsy9orjupF3qQ","","1"
"rKYsjeL7w1gPNLWiRFJhdcKSUY9tUpYLPp","","1"
"rKY55JRRKKiAcVpL5WkqG7K9jJYVuTnhYJ","","1"
"rKVctaLQf2Fc5sBPrtTEbhR8NMpuoCxzQ","","1"
"rKTrFJRJFhpjFjg4cGmz8x7LmCKakKk63C","","1"
"rKS3h2EqAQ2VJg3bHd1nXJ3ujyutkW3eTu","","1"
"rKRoXanwAFTcobPoGwEQ95JKinzskDzaK7","","1"
"rKR3MqHv8nqiE3JryYetYaZ696GfWKsGkd","","1"
"rKQpFjjaxmfgXJkCfqLu2dvPKyjF47ghpR","","1"
"rKPWoodsX3vJtVgntX3NqNGFw6DT2WDE2G","","1"
"rKPGBHqK6EXD72vpjBtsJF5864VxfDCSQc","","1"
"rKNb1nd12ePNWV5zLuZJQaSkWnEroEq5hQ","","1"
"rKNVUBxSf9nKVHpPxYJpJAvsc3pabRdsak","","1"
"rKL4o3gX3q8aaHyBiGKC8kpVhQMQuwhbcE","","1"
"rKJUxP9nEbExiGjKWB5qDuuYqHTP4TRVTN","","1"
"rKJ3cL1nqF9iWAd1bKRWieXPFapH1oSwSG","","1"
"rKG8SSZBgwWsjh9AVEaj17voQRT2VVtt76","","1"
"rKEGT5VjoCJScApWUQfNRMtENKCFtAp5aa","","1"
"rKBYwfZtogsLHPeEDZ1Dwgui5W2QAtKNF5","","1"
"rK9NJRhGznkqK3F3PAWUsTsAnsPVddtsLQ","","1"
"rK7wcsNrDx9wTuZGSxD3GM3bJgTqJY5dx5","","1"
"rK78ezy88f1mdBeTNDGX5H4pyjFFzPVFm7","","1"
"rK4QzCbXwhRG1uhCtnzHHodiiFQBCV2UBh","","1"
"rK281P95kagnJ7YhRZTDzMzdZwVaTvVapa","","1"
"rK1mxK5Kp47bqo9rgqYRGCuiCFCBeNV9A8","","1"
"rJzNRV4x5Q6nG4VkGu94h5t73fpCFWV5gF","","1"
"rJxWWrmxMTDfztbM45PqLi6Prc2C9yhVYQ","","1"
"rJxHGkkqKqbJbfxZvfzTx8547EDAcqACja","","1"
"rJx1R8hLs8qAB19QXWz2SnQaQyGiKJoaxV","","1"
"rJuZn8MoW39W97FySH1VxarAX6D7ZnnUif","","1"
"rJt66R9huhxva9KajsCoM82wh9PhFppPWt","","1"
"rJsXgGovfh8G2Lnooa5yLYeznLFX5eLLN","","1"
"rJsKaF6fuZJVq4B459LX6RGZcqbJhoheng","","1"
"rJrsmbSrv4rwfZvvaPZ6Y8cGWUfGY9LTTh","","1"
"rJmRSK3DPqb48w9WHNmcGgxDiA6QjAwFHV","","1"
"rJkXtzaagXJWGF43EzFQ21eYKSeWVrT1CV","","1"
"rJicKJAMTkbdVywNmPVL2s8nUT713sYbZ3","","1"
"rJfAAQJPPSeLD76MyjNGUydrxWBWZrqxLc","","1"
"rJbUzyXj6aP8icCsHLttsEtnaEk6uUHARM","","1"
"rJadhyawepGAnT2bzFguGyK8iX3hmo3j1X","","1"
"rJZeN3kJMXhVQBNsJpmajnPjzdQvGB3g53","","1"
"rJYpQfqYaTtgGQEy7bALfkKFi82sayLt1c","","1"
"rJXPY7L4LKAKMtDJydhZPkrwKnr2METzzQ","","1"
"rJURepNqs9njo9PvD5gS51ZoWEqkBewaow","","1"
"rJTR31ZGTT3M6LB672QoLKZREnQnYjfLmE","","1"
"rJQjmu83bg88eJtxzcYaBsUWn2kNGR7GGs","","1"
"rJFPdL37gjiYCU7fuKp62LNhJSSQKdSj91","","1"
"rJEHSkcLZN67NZ2jDugVhhkasDv23PqhFc","","1"
"rJBuzxcG6YT3Cy58Y1B1bfzo5a4wS2ypkt","","1"
"rJAeRaXB1s7yeWco93VKjUVBXCvevPBC3m","","1"
"rJADeEHPeMqkq7pzYi4gTyaReQ3siLFgES","","1"
"rJ9Ujd2HA2nCwiiNqFryJ2KU5CWrivwXWh","","1"
"rJ8WD92kb5Buc5bpRsUcN16PK4tU1TYpRZ","","1"
"rJ6vitMKXy79dg6oCU83JQoCczL7aFnq8D","","1"
"rJ5VPwTXUwgDAJG1dDDxsMeX9QTYzyvtnr","","1"
"rJ5QjerkznBigx7Qxho5KTNroocm5EucBP","","1"
"rJ54nqH89dJzNNpuJvLjMLz4s3cGLfPdgj","","1"
"rJ3WD7QjeqDqy4rufoadWPCCAM415anYJ","","1"
"rJ2tZgoCad9JiUKN9KjjbGiXQmHQD4Uscf","","1"
"rHzdPWHRsvcZqbvuxEBkNXsHZdsdapW8fX","","1"
"rHxMPSxKaog7L6ftNKx3TXfQJinGni4ere","","1"
"rHwCoBDJf8x3wgBqbZFwz7EPZxYP2Ny3Tz","","1"
"rHviZrVWUuBBbRm53ZjGhagMsi5twaVfda","","1"
"rHvRKvqt3thmwjkjiatMSXqAQjaDBqMT1h","","1"
"rHu9toWSBh9szvLDmXBMCPatGWXUdxJ8Pd","","1"
"rHtGwRVYauBaXqxDunKm77D9DU3eF3XyTP","","1"
"rHsUrGPqh4takQBiag8xGqPaEbbtoDuSCC","","1"
"rHsM3qkCw3uypSPyxmfajmZQx2LUBbXKq4","","1"
"rHsM2uQdaQxahhWVmemWYPrKb3ntfEeYme","","1"
"rHpVhTsNwX8FX1UAfTsT6dKA3AiLSE9hYW","","1"
"rHpDgVtPkJq6zyeNPMgX99riGVNUQoGDwG","","1"
"rHoJcRhKE797cKfkBtkh4LUQENG6E2FzUv","","1"
"rHmFzJVGp3uUV2nspZGtwfGdi4i4obRgjG","","1"
"rHm37uT94dHmRMTmBX4BTpqrrmCk4qbi5k","","1"
"rHkxMKuRBo2C7KbAYsfv2VmKGGjHyQ7h5P","","1"
"rHkR6C3pfC3k33ZAV7iYWTHSSygc1GXHYb","","1"
"rHk5F3RTyRiiaoBq9a9qC2raGgUX6Dy72w","","1"
"rHhy35KyWzmio1PDPLZjv7gRCzy4pWHNvL","","1"
"rHdMn11nEN6URGrs14TfGCcARL696H4bGU","","1"
"rHb2YcWHFuE2XDsQMnbxnKVceobK6jh8gF","","1"
"rHYgfKHSAWjYKNk4UcgB94ccbYMFqAPAZV","","1"
"rHXJ6AYApPCTgRQTMvPeR1X42XrKKGuehj","","1"
"rHVEB4fQdwhqMTNe6arsgxRZ2Fg3eK5GEf","","1"
"rHUMUZMihZL7B3dAPsy7fNAUdgwLnnV2sg","","1"
"rHUCadwfsQeS2w1EHbrqYpqzP8yGmG2EFE","","1"
"rHU8nu9zSnCpkL3gShG4aGawHzaRVfmKwQ","Hamsa","1"
"rHPpkBxzEAtB2z2GRBX6YEzqBSeB5mxc75","","1"
"rHP3dK2W1AUx28sEaMZiXjM9TLC3NHmTg4","","1"
"rHNRZE4ccQFoGJqEFFix2dtQGEmJwhaZPV","","1"
"rHM5vcaRh39etC3er7xKwGBhme9KxJU5LZ","","1"
"rHJnTM27XAFiw9N6BtummQYTK9CpFPWZHc","","1"
"rHG1WAxvCbAeLoG1wQvJUgcWWsJR63w8i1","","1"
"rHFtVsoPp5EJviUbe8jGid3vos6aQusvES","","1"
"rHF5rYTqivCqP2c8iE2r85NiR5PJmGBh34","","1"
"rHEVsfPd4Hs8Kov3JXbHCEZkBC33Gi4Tuo","","1"
"rHERoPh6xekNuy76M77yqqv9UFNqwCAWGP","","1"
"rHBcMmfjpVYBEpn2QESYMM8UKfeM5gYdQL","","1"
"rHAnPqDbDQPE9Ugfbk2nEP4LpNnCNhPeS7","","1"
"rHAXWLSeWi8jPyTy2kb8xNF5ocKzSEcYsU","","1"
"rH9jpP7uNrEZQGgU4dqe35UtEp9b3Q76s4","","1"
"rH6iMq3xZJDe4PN1Azwz4JPszxDvs2LnpW","","1"
"rH4MXuJyyPmVGjocZqiaVUfHRmEVLtiW4U","","1"
"rGzzPWuBVJgbPTManj11L9UVtj16wkCsSw","","1"
"rGye9gLFSskz6vB1UgdRJt5v8t2zC1MkiT","","1"
"rGxCgyF1EFR5HBuSC4zHzLPy87A8hnPWzJ","","1"
"rGuoL3KCFMKuNgv4JVtEVYqXBmWDG7wjKQ","","1"
"rGu6r8nVTXEMAmGpuqiFygvGkuMyfAhqqj","","1"
"rGsnYn4qrwXE7aLz1gN75u6ap6beygNetA","","1"
"rGripXC1xoDbwhEKdttuZvoeLXGXJ9LfqS","","1"
"rGrd8PRPp4UGaXuiqrAnN8fix9x6kgaRU","","1"
"rGpFHSUDjBb5QFckXWw4YVSCR65FaMBWKn","","1"
"rGp7ZLEgoUnYWrgbGztCQQaABnPhsKJJBD","","1"
"rGnesTrt71X1ZqeZ95fWDFBGN2J9veTw6x","","1"
"rGncpLcxQPyH3bPY9JvZDkgpQ94LnrJW3r","","1"
"rGmoZUzMA4s6ynF2br4kmwLxhQ9pXHSXJJ","","1"
"rGmERxAnJKHzMq4kvuHcd6d9rUt9qa8r6j","","1"
"rGihaAZFWbqYpDBx3fwscKphmPPJP9Zp2","","1"
"rGgUAVspywqRoy1LfqwP7JrWn9cwzov1pw","","1"
"rGbLgB9cLzZ8njgA2xdr1jSttLTqosLzeV","","1"
"rGWC6k2QQGFy2iS1JtAmjGJpnc7nXHpdVj","","1"
"rGRxzmcvHBkhEc8JZrfR1kJc1soAmuYH7L","","1"
"rGQ3TRmrEUQqnTMecBdzJGY5EE61tZmWB9","","1"
"rGNqFv6Neby3V6xr1PU9Pb1nvobwtCXppX","","1"
"rGNJkSuy9qKicCCLFWcUt2bg5ePFHQog2J","","1"
"rGM97Ar2EwAyAcD2xDEn48su2mgdCc3XAo","","1"
"rGFvtCMcLzmL3FEyGp5xtiaxtbzmtRFwu1","","1"
"rGFGz47qM3JDSmEyTHDq86i4dvtirzcrB7","","1"
"rGATVCxpsWC6pz99jNiBceUeDzkgQYxQjE","","1"
"rG8NqPwDtxjmoc4mrPK1psKffZqZ68btyo","","1"
"rG67PMbbiSESxoUxGKagUPskY27vJfDn6p","","1"
"rG5pG9wd1yTjo2PtcP4pzugk35zFYdgc7t","","1"
"rG4zaRNEtXFgBYsK8aqAUdCpaf5UpRqQMC","","1"
"rG3ykHsSaQ55kxs5ZB2EJH8hPrbjYKRTUp","","1"
"rG1p63Yz1nPUnyto7nU26RLmWkZCJDN3s3","","1"
"rG1gdEUWw8cnND63WpDTatRh8owrR91zAv","","1"
"rFxYk3MQMLdErrS998TGvoqU8sZPgKJDw","","1"
"rF49tabpPwqeWMU3tdjvEzof1DAH7VdP1","","1"
"rEyU8DEgQ4QY5KzwHNQgfBVp6yXY2RG5Em","","1"
"rEyHYdTM5yUpuKfzxqhMgDhjRhL645mcB5","","1"
"rEvZDU8n8aUikj7uFZqTNyqG7ysc7WHvg9","","1"
"rEtyYj4pb3iBzksmrj4fzVVsE9iNCCPACi","","1"
"rEreTkZxuP8MD2MBeLVp47hgM5cYCMovh1","","1"
"rErYhATaXNM39BD22HJ69GV1WSdA6a15Bw","","1"
"rEpDcFzkCgzKRXiGRtRQFqgwqxAUVPxySU","","1"
"rEnMajpLP4PoS2JKipk3vBFnW7xb5wktbd","","1"
"rEhcpNkbmtWXEFAWyAnDJ7gCmaietJnuED","","1"
"rEgaitergoW3KT51WpCzTg57LAnCY6GBjM","","1"
"rEfowQspJB3scv9vgY4aXaXM5pv7buFdwk","","1"
"rEcCpXBFFyxWGgqXo3Ndca23nM6jSyF7uQ","","1"
"rEVGABLWZR6J3uw8LTYwM5FXb87DkkFBFm","","1"
"rEV2amG6up3fp8MRuEjWSss6JH9vDjnwKk","","1"
"rEUhwLyVZNgCuddKBd4zvAom2yUkNH7XEd","","1"
"rEUKBbuyp8Sy4mDxFXZjPFPyMCLgKAGixP","","1"
"rEUERJnK1zDSfXeaonURKXivV4ZfeAcS27","","1"
"rETARDEDDDUfMFbUZFx1ZHxXhb3qH2wre1","","1"
"rEQ5ZeYMXrBXn13sjvN3jLG1c1iEM6D77C","","1"
"rEPPsmefsDScsjagzL6vNisPbThT5tyJnz","","1"
"rELiDjupDUNx27CzUu6Ym8mTmr1VAke7nz","","1"
"rELfhxocjXLrza6EJbeMCcVhV7hiEcZ4Gv","","1"
"rELZKsJT9se9aZ5MzTkVUcui583EqtejHq","","1"
"rEKr5XNuCztyNtEBv5GSBQuCnfMf5m4DoP","","1"
"rEJxKUhq2wpiPHvz3VDZVqNpG6S7aaSfeL","","1"
"rEETqXyHTVbn86hu6PVCKsKmj6daJPh3X5","","1"
"rEDRkJhbt8vfmvUDBGMASZADTDi2CieYKD","","1"
"rEBfa2ZfAWaeW2Ej8K2rJrL32HP3Xa4XRh","","1"
"rEBBuHe6e6oAysJBf6FtsMYBi9rNgfCqPh","","1"
"rE9yDmx3RRP2QHFiGqQfhxmMVHN4WPk2iX","","1"
"rE8owpxsEdh6e32V9WuqCAmZFfb8egLWVS","","1"
"rE2tq9t5u4ktJA3Tw1sJfoj6UQ5ZG4RGda","","1"
"rDyDU8E35wgkXT3mYPLLNxsMQEFQn5FZNJ","","1"
"rDwrsmmDTS6oLtaKdrePSs7e5cuPYnqUCA","RedHotDankMoist","1"
"rDwj4DYcPGrgqBzUyFjBsGuDDPsSDB3XBG","","1"
"rDvEVRndUAGWMqgMFxCSC9y5T1rGXtXQAs","","1"
"rDtGTdbyc2UAhmEF6xN1wNXQoNhSCpmXDP","","1"
"rDsfmgA8cCGv6i4zxENpSPn3mM6MaYNvuA","","1"
"rDrF61wC12dGbMAnTtoV4DbTF4DmX85a11","","1"
"rDpLcKCi18ixgzJEseKbi2krRGTWZM69gX","","1"
"rDmhhccUgvc2uBRbFDNqdw4j13jhR4i1iJ","","1"
"rDkPDzcSgX2nds71tU8adGVezEx5s8qBZu","","1"
"rDjQBUfD3EkcPWfeMJHqFGNJmLQMNEyNyU","","1"
"rDc7fT4oH1AFSh77ag2dpfpoud37mfw4Nr","","1"
"rDacxRZyhnLq1uSMKJxfg8VJRWpEsJizT4","","1"
"rDYmzNcF1qg5swGhgnnNfCwyRq8K14NSwz","","1"
"rDY3NLJ4KMC7Af1Y2DsHXpSjtupWXmmKvm","","1"
"rDX7wAJUmqD6AwniXHeAqq8jc9WYGNDeSy","","1"
"rDVKqTQzaihfkcsYfjLznyuJgAuMhSxcgy","","1"
"rDSPgJzvomzd3EVMQsP15FYRZniKcj7PhR","","1"
"rDRRV5JKJ8tj51df74V8eT4LY2MjDuRUHk","","1"
"rDR2NTSC1XQvE46uu4GaNpYySgpUDcvoqM","","1"
"rDMtU681uVkeeJdEhgD1jSbUC4LQYcv9N8","","1"
"rDLzhEvLnq21kVFwDWX9L9iUBNJzBNRKck","","1"
"rDL7Fiq6QKmKeJBNSD6AmaaSqEc7R93JPf","","1"
"rDKLB8Pzh39LPTk9WcavmgCHTKYdiC7889","","1"
"rDJGpTR6JEXgMf5tpsXzuZF3CM9Ldt15xK","","1"
"rDHoLzWug3ySCWtg8D2tQ2WdRPsKkpG9tL","","1"
"rDGmpMRLaJFz5BZxQWZ5YDkxchTdpeoFXp","","1"
"rDEnLwWnikpnhbeEHYbjAnBUjhBB9qokDh","","1"
"rDEY6mYkMYFqrYbu25pcM1ueHbUqV71gxq","","1"
"rDEDRVhheZFtSNbiqiMRRxCDUXznRNrriy","","1"
"rDE4S5ZsLkEj91dGK2A83iG1DtoNJJdN22","","1"
"rDBniyxR9PA2BxAP1T4NfU3A2uYrpcgSVx","","1"
"rD6AnMCm9gxjY21yw8ZfuiZHYYoqDBwJj4","","1"
"rD5JUBt6CjYozBCNELp2QNJMCAybq2LE1x","","1"
"rD31GAYvyNJPknFucjhLEsRg7Uc5D87GMG","","1"
"rD2Ch64cybcxne2Usw2ZSxAXRxUjzmjV7b","","1"
"rCSCdAn63Rx4qodvnZ81TRcmZNu4WjEtP","Danielwwf","1"
"rBzAn2LefLbhv8VysnLCKDGW5qe2eiqJSy","ryan","1"
"rBwWPBGLcYknC8jFxanSoDX16g2SN4tUo9","","1"
"rBtX8EMHeNgBfis4cSHCsg9Y4Vaw53YYp4","","1"
"rBr7v9j7nmWvLMU3gNF3BjanRBryb5GFq2","","1"
"rBqBTebXMF44jAeVW7tbVNfuhdKVkaN12p","","1"
"rBqAP8DfsT8NgLjhd7LAZgmHV3b1afEXfQ","","1"
"rBkbLpZvJnUZo9Vg1FV92wspthHSZdNwF5","","1"
"rBkKX144F7gzAAPrEXv1nCwUwaJUFQ2qYQ","","1"
"rBhXdcTmmh44KXqoEmERzSM7HsHSxVrWVY","","1"
"rBhULn7jNyeqQvRcmdikEs6DiyL9bWw465","","1"
"rBcGzdMULkZNSYdnCsfwJLiEMcmU7P2NYx","","1"
"rBbck1zZHL3YhuJrmvcY7QT9nYttY7hiDz","","1"
"rBaRhY9Muyook8H3M8ULF8gfQYNeqFfc7X","","1"
"rBY26Py7qJfv2XPbXEHdRUftjw8z9SNanq","","1"
"rBXQqUdoZog2fK3nu49xMHsvC9eE79sGms","","1"
"rBVUHsTrvNUyjgJabxmfBNgRWjE5HAmzZc","","1"
"rBVRpQjDpGqLs588dtthtZhrPJCcM4w3TS","","1"
"rBUa2zvTngSbnPm3wUWNGEByJPDUBvapNJ","","1"
"rBS6vXFTH3kGT1EJrZEGFSiBT2pLVqtaub","","1"
"rBPf6hXnEVoFLwNxA4Tz9PiJoydFmf98Yr","","1"
"rBNmfMkbqnWzht5tv7ndYm23FEE1LrbfUb","","1"
"rBNC8zwTwtA3JhVTAREWFUSfWDMgmxcBAR","","1"
"rBN5bXxYr5HBDE5VHYaR71D5GzVWxkaFBR","","1"
"rBMo8gXu2ZKBmYpsRqsmbUtST5ZebqbKWi","","1"
"rBKKFxr4RDav7QLPkehiaeJjBtvhxJxa16","","1"
"rBJQzsqRgL1wXyMYqVi1H1BR9iuD65TysK","","1"
"rBG715AckmNM7cxZE4g29C8Du6iCDgpkoq","","1"
"rBEstYirSgtXP3LFx1RZKf6Jo9oZyvrTL9","","1"
"rBCdEHnaveCFjzuuXkqZmCCdcpyA6HsPos","","1"
"rBCKCmPun9VPs8ffWZsB5xRSG8gQekqMoJ","","1"
"rB9qPjGdBGtbQohjb6kYLXg4iAKrPvkt5q","","1"
"rB72Rf9pzCTBk3Ec8MDC2DBqJq4yCPMjqg","","1"
"rB4Hq5yZcGZwBegkqS5phf9WRKBmrrVDHT","","1"
"rB3UuJSuVTSrWwkutHj71SJeo8QjMJDJbA","","1"
"rB1XwR8eiJX164bbMeWX8DquXs75JHaKgY","","1"
"r9zLWLcLJ2JkVBeYYmkjaKvgBEEX49gpBn","","1"
"r9z1HYerv4cTqoyPDdm2yNDKRFr5TXMLBq","","1"
"r9yxaR6FHkLQFtmVzP3RxpRybZwLjSq8sZ","","1"
"r9xzE2rZuF9eqSP77kWAvNm41HQVTLhrV8","","1"
"r9wBtqqcfyyeihWRv5iLtam9cUmJgUBdZa","","1"
"r9v5MxmAuFFchPTgNuwRweDZDAtQKpoA7k","","1"
"r9ub41z1NBTaEyXpXQs2KG82jtVSDJUBnD","","1"
"r9trPqp5ARChPVq5HQXre5RAzcCtey5mKU","","1"
"r9q2HMDbRLa6ZiFNTM36XQt21E28NKJ8dM","","1"
"r9ozThaqtbPfVTvukMfpPNtx75c2jq8fYa","","1"
"r9jznBare2j2eoJeS3yV9dxoqDvMKnju4i","","1"
"r9joE8Xa2wGSBau5cxYSGy81QZvPb3cpsb","","1"
"r9iww4BZKDX74BbvMzGgHGNUUaSd7bvaGT","","1"
"r9hMGMu88BwvLUpqRXRbRa5JwtjSfWZd28","","1"
"r9fUN7vLUQWgMNNebXdtbttn6ju7R83Ex6","","1"
"r9bF5gYPH95iY2u2wvFqHnLzhC8bxnvDiM","","1"
"r9YDzvmYMdC6K2uvF4jdWBTsbZszs9YRsq","","1"
"r9X8rfpBtv814XsnUoGpfSr3NQkEZDQTfg","","1"
"r9VgWjpX3JDzN65xwZEeNmDHMUkTxh7nFe","","1"
"r9VHQ7vi374WcWNaPWbZsSrCmywENwxtJZ","","1"
"r9UKt9Y5kE8P1QQpzBvDUo6FkhTNaJgoSA","","1"
"r9Szg8q4LubCd7X9APMm8hPuW35y4MBNqQ","","1"
"r9Qdy4YAJA4P8auCND6m1Pfh9rUseGQuFE","","1"
"r9Q7xSwahj6j72iwaawYoQxDbyYn2U6hVU","","1"
"r9Q3rLKZ4gmGH4ziEK5FXA2BmhhihmQAfS","","1"
"r9PVDYcMMBw7A6QYGuEf3SiNwkx3d5cTN6","","1"
"r9HpXAcAgbThQADTFf1ytCwFbStzSFRtGK","","1"
"r9HGWV4Jzm1XzvdabugnP1Ydnt1PMmK4nu","","1"
"r9FP21v2NFfZpNqqPn12FRsgfaFWfMN5s5","","1"
"r9DvuUVDyL4dMXcewbpDtD3cXYGiCNtCFt","","1"
"r9BxVMEvgUszYMFRQe5evnFsnGeZ9sUjz9","","1"
"r9BdWB62tYGvvaKQQMM7r1tZNzzwtCaAVW","","1"
"r95L4jUTR4eGVdxEmVDuj2aPFyX7x58pVc","","1"
"r91Vr2TEDLfr1sSh1nWGzUovxTWuJqYuR2","","1"
"r91JfKoiSnQxFbHPBXyBHXuQPNyzpd5dRY","","1"
"r7raBaSG9kmKBDBX41eHSuxup273s5je5","","1"
"r5MgqZ2qiWxwtq4XjyLWeqSiYRtF31cvo","","1"
"r4yg5frEku7JPCYk3RxgTvvy21481g7TD4","","1"
"r4wTXLwsyiCiww6VH167oKCJBLdFmbct6e","","1"
"r4sSHw7QSvx79ShtZti4tgLh7seVjz5FGx","","1"
"r4kyBTEdz5E1o4whUmwcL1xFULwdMpijMn","","1"
"r4dR8ZMWSoQqP98ZvweCRxr8iEsJWfNxzj","","1"
"r4cFGk1WJwNNhK1qdwz4v9Z36rZ5chUJQg","","1"
"r4aofB22PidsgPcFrR8bnWWxEBQ8Bk7Fv8","","1"
"r4akbYWNnPT7GwcENCYpx6YFmCo1sGcz6X","","1"
"r4aGARxenpStvW4wr2jUoMWPJTHwMSfvdP","","1"
"r4ZXKNdxjvci5gUdEC8yX3GAiNAc58Dvvk","","1"
"r4ZPAJ7jkBsU5NSj4Qvhw2EU3aQfcFeq2d","","1"
"r4Y29jsQnksRp2YPQQETStDzXJMDM9Y6e8","","1"
"r4XiPQpTdXWRmLMCTAirhKD4dwwrVzSGdb","","1"
"r4XQcYUeoBn6tkt3xSirdvfVajzQ9e1eGT","","1"
"r4XMtpuwbFdWWi3HfBPSV3VxSTCsH93qyi","","1"
"r4VgLMdPiTy5T9rtaqToj8DDfwm1EC21SZ","","1"
"r4UBY9xV9UGod9b94gZWYezQKtzsjyUVMQ","","1"
"r4SJXAQ3Rn66U8y6w7fUNpP7KZrQ5e3JeA","","1"
"r4N6KSst2KWdf8DGC4bTc4u2E6PZoY2iR6","","1"
"r4Lbz8cTJTtNPiTcrmDWRmUqn4KEPLNfxJ","","1"
"r4KSDvKP6HjyZHKjhy1n2HdWBtoqrNyYoz","","1"
"r4J8Tks2wm3KAt9fYSVbQHoFwRcpWrNPiA","","1"
"r4H41FTdL7DnvedMADrZnuY5iwrFyn44zd","","1"
"r4FtLE72BbhXHbssj6fCGWASe4U8AMEjca","","1"
"r4FZaHnPGaEQWfeXgJE2h3ji2N2Zs4E4Vi","","1"
"r4Er4E6iMRv4v8BG8duPDdRjZoqpK2yXcC","","1"
"r46FC8YhE2DotEEMoQynaiQvR8N1VEVCQs","","1"
"r434s39gXZPDP179xp1B5ZHPD5owFN2G3j","","1"
"r3zC76EeCuJhg6Y8s3GxpBW8MBDa79AV9","","1"
"r3ynGMh6FS9f6rPazmEeX1qt9W9Xwd8cUL","","1"
"r3yJNtqba2f5fDCPVsubxcT8WJvu94eeeC","","1"
"r3w7ghXTppmwmwwBbar1JZDx7bSbV3fm1C","","1"
"r3tpQWXdy7s8WPUaKq1ap17oPdXNnmCt1T","","1"
"r3tfzrmcxLLpjKCfEgZCQtygdcDrgeRQUA","","1"
"r3mPsLJgBAdAgK2ZHyvDThkjcatrb9cGLx","","1"
"r3kgV6KpwcpVUmGkMdEfF2HkXFpQmJSpZE","","1"
"r3kf2ehLWZeFzbv2HDe5465EsGtmjinP2C","","1"
"r3jZ8EUQr3sA9YG7DuFB1qqM2KAmL9dDJa","","1"
"r3isstJSLNDEAdVnqFzEU68g2GA7gmSdq1","","1"
"r3e7UBgVwor6oXk3s4ce6YS9VaLPQni5Uy","","1"
"r3cT2wpYRKBu8rq88sbhuZa32BzK2CxvDo","","1"
"r3YktY1HWV4sa6YUZSpdhb2NpBaExd7MeU","","1"
"r3XqdHELPEZen3ijViPrxv9WCLx9Nq1ngk","","1"
"r3WaUXcCVgWiWGznEzuTorWjpA6bjMDkkK","","1"
"r3PtpXHLnPLgh8ppe1jm6reAanHYrUWVbN","","1"
"r3NaRQLKd1ygkLV3nFVm6zBb4WSaAs5VdH","","1"
"r3LzwEHgnFdY9KWG1GkBdFxC1FKtHmwdta","","1"
"r3EeXf4674sCwgxaaPA7yZHJB3EbxHG42d","","1"
"r3EcQNbZnR2RcZG7CkpRDbnd8vhtRx7q31","","1"
"r3DVtzBNVXVkdfMt4Y7xEcLDRxzskzJDVU","","1"
"r3D6x9mXwTXnSeBSMw1yUwt7rkWwbPHehs","","1"
"r3CHehfgRjJzsEgQ6eg4KKZeWff8rsFbzh","","1"
"r3BwUq6uZwRhyQEjuP8wDZSvxmX2fb4NBW","","1"
"r3BSHKoKH486qzaT6w8337VuRAXDeZ5JzS","","1"
"r3B2XTgzBp9TWk1w68E5J9mptUR12cn9LQ","","1"
"r38wjb1jYrpRVjGxL1ACeqFJQA3uZzxu5W","","1"
"r38qEBhssmhrx8Xbd8TQq3WhVQveeKSe5Z","","1"
"r34jWk2KFLi7pCPaCEPs5hciPhjix7fn7H","","1"
"r32wteJvqHqHNiWvVBH59VwJ5ZZ7hQnGDH","","1"
"r1k7QuvoGhZs2ngmULT8xNHv7ELu2c1x2","","1"